"DATA_ID","ROW_NAME","ROW_KEY","TEST_DATA_ID","ATTRIBUTE_1","ATTRIBUTE_2","ATTRIBUTE_3","ATTRIBUTE_4","ATTRIBUTE_5","ATTRIBUTE_6","ATTRIBUTE_7"
"214751058995395105151830313889959269148","Less Than 10","AF3T","143077473429591767533937954441856082488","10","10","10","","","",""
"149676381052959323294051894823318754425","Less Than 100","AF3U","143077473429591767533937954441856082488","100","100","100","","","",""
"121553627496395903891894924339801827274","Less Than 1000","AF3V","143077473429591767533937954441856082488","1000","1000","1000","","","",""
"172400099854783912249736806354451470241","Less Than 10,000","AF3W","143077473429591767533937954441856082488","10000","10000","10000","","","",""
"143026079173149032756976581028503531552","Less Than 100,000","AF3X","143077473429591767533937954441856082488","100000","100000","100000","","","",""
"261519672706629732607838679866376936416","Less Than 1,000.000","AF3Y","143077473429591767533937954441856082488","1000000","1000000","1000000","","","",""
"207607716711031261625489031655776039333","Less Than 1,000,000,000","AF3Z","143077473429591767533937954441856082488","1000000000","1000000000","1000000000","","","",""
"55494971023768423770338453293429736460","Value 10","AF60","309094072575201609256564956716457800122","10","index=10","Value 0","","","",""
"32033178652922821153297558806641830924","Value 11","AF61","309094072575201609256564956716457800122","11","index=11","Value 11","","","",""
"131684366479999404462358083504528512846","Value 12","AF62","309094072575201609256564956716457800122","12","index=12","Value 12","","","",""
"77434576616101577981103760867993049510","Value 13","AF63","309094072575201609256564956716457800122","13","index=13","Value 13","","","",""
"104350898787836100478298915894537265161","Value 14","AF64","309094072575201609256564956716457800122","14","index=14","Value 14","","","",""
"241631555849168473896738166080816989324","Value 15","AF65","309094072575201609256564956716457800122","15","index=15","Value 15","","","",""
"127996684825158322329336885747231000715","Value 0","AFZK","309094072575201609256564956716457800122","0","index=0","Value 0","","","",""
"92255179101007020193723521704112568116","Value 1","AFZL","309094072575201609256564956716457800122","1","index=1","Value 0","","","",""
"45783368425397567934643274168768470513","Value 2","AFZM","309094072575201609256564956716457800122","2","index=2","Value 2","","","",""
"242377627298314578080941405155253958200","Value 3","AFZN","309094072575201609256564956716457800122","3","index=3","Value 3","","","",""
"25102330983690906734073323820600990875","Value 4","AFZO","309094072575201609256564956716457800122","4","index=4","Value 4","","","",""
"66350535584257104924260491076505572019","Value 5","AFZP","309094072575201609256564956716457800122","5","index=5","Value 5","","","",""
"274535370527595968963814338739730272957","Value 6","AFZQ","309094072575201609256564956716457800122","6","index=6","Value 6","","","",""
"61917215148478763216245340001440647401","Value 7","AFZR","309094072575201609256564956716457800122","7","index=7","Value 7","","","",""
"216343634816565653329422404562906654673","Value 8","AFZS","309094072575201609256564956716457800122","8","index=8","Value 8","","","",""
"329762322356071601986971373862651174735","Value 9","AFZT","309094072575201609256564956716457800122","9","index=9","Value 9","","","",""
"54834809699829002155393548652890479416","STORE0","AF41","130394790770466419283100855557019840968","STORE0","${STORE0}","","","","",""
"147839328932944112210569670855128378470","STORE1","AF42","130394790770466419283100855557019840968","STORE1","${STORE1}","","","","",""
"45400015407174212715215083248351696568","STORE2","AF43","130394790770466419283100855557019840968","STORE2","${STORE2}","","","","",""
"41332074888976641626648051155198515944","STORE3","AF44","130394790770466419283100855557019840968","STORE3","${STORE3}","","","","",""
"10494105830126466321185249025823070814","STORE4","AF45","130394790770466419283100855557019840968","STORE4","${STORE4}","","","","",""
"1812903476170564392505694662952858964","STORE5","AF46","130394790770466419283100855557019840968","STORE5","${STORE5}","","","","",""
"54071752780541285659791097782109000454","Row74","AFXV","23958696646161886699092949175770336986","pharetra, felis eget varius ultrices, mauris ipsum porta elit, a feugiat tellus lorem eu metus. In lorem. Donec elementum, lorem ut aliquam iaculis, lacus pede sagittis augue, eu tempor erat neque non quam. Pellentesque habitant morbi tristique senectus et netus et malesuada fames ac turpis egestas. Aliquam fringilla cursus purus. Nullam scelerisque neque sed sem egestas blandit.","molestie arcu. Sed eu nibh vulputate mauris sagittis placerat. Cras dictum ultricies ligula. Nullam enim. Sed nulla ante, iaculis nec, eleifend non, dapibus","at lacus. Quisque purus","","","",""
"54071752780542494585610712411283706630","Row75","AFXW","23958696646161886699092949175770336986","tristique aliquet. Phasellus fermentum convallis ligula. Donec luctus aliquet odio. Etiam ligula tortor, dictum eu, placerat eget, venenatis a, magna. Lorem ipsum dolor sit amet, consectetuer adipiscing elit. Etiam laoreet, libero et tristique pellentesque, tellus sem","consequat nec, mollis vitae, posuere at, velit. Cras lorem lorem, luctus ut, pellentesque eget, dictum placerat, augue. Sed molestie. Sed","a odio","","","",""
"54071752780543703511430327040458412806","Row76","AFXX","23958696646161886699092949175770336986","varius ultrices, mauris ipsum porta elit, a feugiat tellus lorem eu metus. In lorem. Donec elementum, lorem ut aliquam iaculis, lacus pede sagittis augue, eu tempor erat neque non quam. Pellentesque habitant morbi tristique senectus et netus et malesuada fames ac turpis egestas. Aliquam fringilla cursus purus. Nullam scelerisque neque sed sem egestas blandit. Nam nulla magna, malesuada vel, convallis in, cursus et, eros. Proin ultrices. Duis","diam. Sed diam lorem, auctor quis, tristique ac, eleifend vitae, erat. Vivamus nisi. Mauris nulla. Integer urna. Vivamus molestie dapibus","lacus.","","","",""
"54071752780544912437249941669633118982","Row77","AFXY","23958696646161886699092949175770336986","vitae semper egestas, urna justo faucibus lectus, a sollicitudin orci sem eget massa. Suspendisse eleifend. Cras sed leo. Cras vehicula aliquet libero. Integer in magna. Phasellus dolor elit, pellentesque a, facilisis non, bibendum sed, est. Nunc laoreet lectus quis massa. Mauris vestibulum, neque sed dictum eleifend, nunc risus varius orci,","placerat. Cras dictum ultricies ligula. Nullam enim. Sed nulla ante, iaculis nec, eleifend non, dapibus","justo eu arcu. Morbi","","","",""
"54071752780546121363069556298807825158","Row78","AFXZ","23958696646161886699092949175770336986","dictum sapien. Aenean massa. Integer vitae nibh. Donec est mauris, rhoncus id, mollis nec, cursus a, enim. Suspendisse aliquet, sem ut cursus luctus, ipsum leo elementum sem, vitae aliquam eros turpis non enim. Mauris quis turpis vitae purus gravida sagittis. Duis gravida. Praesent eu nulla at sem molestie sodales. Mauris blandit enim consequat purus. Maecenas","urna. Vivamus molestie dapibus ligula. Aliquam erat volutpat. Nulla dignissim. Maecenas ornare egestas ligula. Nullam feugiat placerat velit. Quisque varius. Nam porttitor scelerisque neque. Nullam","sociis natoque penatibus et","","","",""
"54071752780547330288889170927982531334","Row79","AFX0","23958696646161886699092949175770336986","eu elit. Nulla facilisi. Sed neque. Sed eget lacus. Mauris non dui nec urna suscipit nonummy. Fusce fermentum fermentum arcu. Vestibulum ante ipsum primis in faucibus orci luctus et ultrices posuere cubilia Curae; Phasellus ornare. Fusce mollis. Duis sit amet diam eu dolor egestas rhoncus. Proin nisl sem, consequat nec, mollis vitae, posuere at, velit. Cras lorem lorem, luctus ut, pellentesque eget, dictum placerat, augue. Sed molestie. Sed id risus quis diam luctus lobortis. Class aptent","pede. Suspendisse dui. Fusce diam nunc, ullamcorper eu, euismod ac, fermentum vel, mauris. Integer sem","eleifend nec, malesuada","","","",""
"54071752780548539214708785557157237510","Row80","AFX1","23958696646161886699092949175770336986","at arcu. Vestibulum ante ipsum primis in faucibus orci luctus et ultrices posuere cubilia Curae; Donec tincidunt. Donec vitae erat vel pede blandit congue. In scelerisque scelerisque dui. Suspendisse ac metus vitae velit egestas lacinia. Sed congue, elit sed consequat auctor, nunc nulla vulputate dui, nec tempus mauris erat eget ipsum. Suspendisse sagittis. Nullam vitae diam. Proin dolor. Nulla semper tellus id nunc interdum feugiat. Sed nec metus facilisis lorem tristique aliquet. Phasellus fermentum convallis ligula. Donec luctus aliquet odio. Etiam ligula tortor, dictum eu, placerat eget, venenatis a,","Suspendisse eleifend. Cras sed leo. Cras vehicula aliquet libero. Integer in magna. Phasellus dolor elit, pellentesque a, facilisis non, bibendum sed, est. Nunc laoreet lectus quis massa.","in","","","",""
"54071752780549748140528400186331943686","Row81","AFX2","23958696646161886699092949175770336986","augue eu tellus. Phasellus elit pede, malesuada vel, venenatis vel, faucibus id, libero. Donec consectetuer mauris id sapien. Cras dolor dolor, tempus non, lacinia at, iaculis quis, pede. Praesent eu dui. Cum sociis natoque penatibus et magnis dis parturient montes, nascetur ridiculus mus. Aenean eget magna. Suspendisse tristique neque venenatis lacus. Etiam bibendum fermentum metus. Aenean sed pede nec ante blandit viverra. Donec tempus, lorem fringilla ornare placerat, orci lacus vestibulum lorem, sit amet ultricies sem magna","mollis. Duis sit amet diam eu dolor egestas rhoncus. Proin nisl sem, consequat nec, mollis vitae, posuere at, velit. Cras lorem lorem, luctus ut, pellentesque eget, dictum","Etiam laoreet, libero et tristique","","","",""
"54071752780550957066348014815506649862","Row82","AFX3","23958696646161886699092949175770336986","ipsum primis in faucibus orci luctus et ultrices posuere cubilia Curae; Donec tincidunt. Donec vitae erat vel pede blandit congue. In scelerisque scelerisque dui. Suspendisse ac metus vitae velit egestas lacinia. Sed congue, elit sed consequat auctor, nunc nulla vulputate dui, nec tempus mauris erat eget ipsum. Suspendisse sagittis. Nullam vitae diam. Proin dolor. Nulla semper tellus id nunc interdum feugiat. Sed nec metus facilisis lorem tristique aliquet. Phasellus fermentum convallis ligula. Donec luctus aliquet odio. Etiam ligula tortor, dictum eu, placerat eget, venenatis a, magna. Lorem ipsum dolor sit amet, consectetuer adipiscing elit. Etiam","Aliquam fringilla cursus purus. Nullam scelerisque neque sed sem egestas blandit. Nam nulla magna, malesuada vel, convallis in, cursus et, eros. Proin ultrices. Duis volutpat nunc","imperdiet, erat","","","",""
"54071752780552165992167629444681356038","Row83","AFX4","23958696646161886699092949175770336986","malesuada fames ac turpis egestas. Fusce aliquet magna a neque. Nullam ut nisi a odio semper cursus. Integer mollis. Integer tincidunt aliquam arcu. Aliquam ultrices iaculis odio. Nam interdum enim non nisi. Aenean eget metus. In nec orci. Donec nibh. Quisque nonummy ipsum non arcu. Vivamus","eget massa. Suspendisse eleifend. Cras sed leo. Cras vehicula aliquet libero. Integer in magna. Phasellus dolor elit, pellentesque a,","arcu iaculis enim, sit","","","",""
"54071752780553374917987244073856062214","Row84","AFX5","23958696646161886699092949175770336986","morbi tristique senectus et netus et malesuada fames ac turpis egestas. Fusce aliquet magna a neque. Nullam ut nisi a odio semper cursus. Integer mollis. Integer tincidunt aliquam arcu. Aliquam ultrices iaculis odio.","feugiat. Sed nec metus facilisis lorem","sit amet massa.","","","",""
"54071752780554583843806858703030768390","Row85","AFX6","23958696646161886699092949175770336986","elit fermentum risus, at fringilla purus mauris a nunc. In at pede. Cras vulputate velit eu sem. Pellentesque ut ipsum ac mi eleifend egestas. Sed pharetra, felis eget varius ultrices, mauris ipsum porta elit, a feugiat tellus lorem eu metus. In lorem. Donec elementum, lorem ut aliquam iaculis, lacus pede sagittis augue, eu tempor erat neque non quam. Pellentesque habitant morbi tristique senectus et","adipiscing elit. Aliquam auctor, velit eget laoreet posuere, enim","nonummy. Fusce fermentum","","","",""
"54071752780555792769626473332205474566","Row86","AFX7","23958696646161886699092949175770336986","rutrum. Fusce dolor quam, elementum at, egestas a, scelerisque sed, sapien. Nunc pulvinar arcu et pede. Nunc sed orci lobortis augue scelerisque mollis. Phasellus libero mauris, aliquam eu, accumsan sed, facilisis vitae, orci. Phasellus dapibus quam quis diam. Pellentesque habitant morbi tristique senectus et netus et malesuada fames ac turpis egestas. Fusce aliquet magna a neque. Nullam ut nisi a odio semper cursus. Integer mollis. Integer tincidunt aliquam arcu. Aliquam ultrices","orci, in consequat enim diam vel arcu. Curabitur ut odio vel est tempor bibendum.","iaculis nec,","","","",""
"54071752780557001695446087961380180742","Row87","AFX8","23958696646161886699092949175770336986","ultricies adipiscing, enim mi tempor lorem, eget mollis lectus pede et risus. Quisque libero lacus, varius et, euismod et, commodo at, libero. Morbi accumsan laoreet ipsum. Curabitur consequat, lectus sit amet luctus vulputate, nisi sem semper erat, in consectetuer ipsum nunc id enim. Curabitur massa. Vestibulum accumsan neque et nunc. Quisque ornare tortor at risus. Nunc ac","malesuada fringilla est. Mauris eu turpis. Nulla aliquet. Proin velit. Sed malesuada augue ut lacus. Nulla tincidunt, neque vitae semper egestas, urna justo faucibus lectus, a","Integer aliquam","","","",""
"54071752780558210621265702590554886918","Row88","AFX9","23958696646161886699092949175770336986","amet orci. Ut sagittis lobortis mauris. Suspendisse aliquet molestie tellus. Aenean egestas hendrerit neque. In ornare sagittis felis. Donec tempor, est ac mattis semper, dui lectus rutrum urna, nec luctus felis purus ac tellus. Suspendisse sed dolor. Fusce mi lorem, vehicula et, rutrum eu, ultrices sit amet, risus. Donec nibh enim, gravida sit amet, dapibus id, blandit at, nisi. Cum sociis natoque penatibus et magnis dis parturient montes, nascetur ridiculus mus. Proin vel nisl. Quisque fringilla euismod enim. Etiam","Donec tincidunt. Donec vitae erat vel pede blandit congue. In scelerisque scelerisque dui. Suspendisse ac metus vitae velit egestas lacinia. Sed congue, elit sed consequat auctor, nunc","tristique pellentesque, tellus sem mollis","","","",""
"54071752780559419547085317219729593094","Row89","AFYA","23958696646161886699092949175770336986","lobortis mauris. Suspendisse aliquet molestie tellus. Aenean egestas hendrerit neque. In ornare sagittis felis. Donec tempor, est ac mattis semper, dui lectus rutrum urna, nec luctus felis purus ac tellus. Suspendisse sed dolor. Fusce mi lorem, vehicula et, rutrum eu, ultrices sit amet, risus. Donec nibh enim, gravida sit amet, dapibus id, blandit at, nisi. Cum sociis natoque penatibus et magnis dis parturient montes, nascetur ridiculus mus. Proin vel nisl. Quisque fringilla euismod enim. Etiam gravida molestie arcu. Sed eu nibh vulputate mauris sagittis placerat. Cras dictum ultricies ligula. Nullam enim. Sed","leo. Cras vehicula aliquet libero. Integer in magna. Phasellus dolor elit, pellentesque a, facilisis non, bibendum sed, est. Nunc laoreet lectus quis massa. Mauris vestibulum,","id nunc interdum feugiat.","","","",""
"54071752780560628472904931848904299270","Row90","AFYB","23958696646161886699092949175770336986","lobortis quis, pede. Suspendisse dui. Fusce diam nunc, ullamcorper eu, euismod ac, fermentum vel, mauris. Integer sem elit, pharetra ut, pharetra sed, hendrerit a, arcu. Sed et libero. Proin mi. Aliquam gravida mauris ut mi. Duis risus odio, auctor vitae, aliquet nec, imperdiet nec, leo. Morbi neque tellus, imperdiet non, vestibulum nec, euismod in, dolor. Fusce feugiat. Lorem ipsum dolor sit amet, consectetuer adipiscing elit. Aliquam auctor, velit eget laoreet posuere, enim nisl","scelerisque sed, sapien. Nunc pulvinar arcu et pede. Nunc sed orci lobortis augue scelerisque mollis. Phasellus libero mauris, aliquam eu, accumsan sed,","lorem eu","","","",""
"54071752780525569624136107602837820166","Row61","AFXI","23958696646161886699092949175770336986","est, mollis non, cursus non, egestas a, dui. Cras pellentesque. Sed dictum. Proin eget odio. Aliquam vulputate ullamcorper magna. Sed eu eros. Nam consequat dolor vitae dolor. Donec fringilla. Donec feugiat","sem ut dolor dapibus gravida. Aliquam tincidunt, nunc ac mattis ornare, lectus ante dictum mi, ac mattis velit justo nec ante. Maecenas mi felis, adipiscing fringilla, porttitor vulputate, posuere","ut,","","","",""
"54071752780526778549955722232012526342","Row62","AFXJ","23958696646161886699092949175770336986","auctor vitae, aliquet nec, imperdiet nec, leo. Morbi neque tellus, imperdiet non, vestibulum nec, euismod in, dolor. Fusce feugiat. Lorem ipsum dolor sit amet, consectetuer adipiscing elit. Aliquam auctor, velit eget laoreet posuere, enim nisl","viverra. Donec tempus, lorem fringilla ornare placerat, orci lacus vestibulum lorem, sit amet ultricies","porta elit, a","","","",""
"54071752780527987475775336861187232518","Row63","AFXK","23958696646161886699092949175770336986","Donec vitae erat vel pede blandit congue. In scelerisque scelerisque dui. Suspendisse ac metus vitae velit egestas lacinia. Sed congue, elit sed consequat auctor, nunc nulla vulputate dui, nec tempus mauris erat eget ipsum. Suspendisse","in consectetuer ipsum nunc id enim. Curabitur massa. Vestibulum accumsan neque et nunc. Quisque ornare tortor at risus.","ut nisi a odio semper","","","",""
"54071752780529196401594951490361938694","Row64","AFXL","23958696646161886699092949175770336986","vitae, sodales at, velit. Pellentesque ultricies dignissim lacus. Aliquam rutrum lorem ac risus. Morbi metus. Vivamus euismod urna. Nullam lobortis quam a felis ullamcorper viverra. Maecenas iaculis aliquet diam. Sed diam lorem, auctor quis, tristique ac, eleifend vitae, erat. Vivamus nisi. Mauris nulla. Integer urna. Vivamus molestie dapibus ligula. Aliquam erat volutpat. Nulla dignissim. Maecenas ornare egestas ligula. Nullam feugiat placerat velit. Quisque varius. Nam porttitor scelerisque neque. Nullam nisl. Maecenas malesuada fringilla est. Mauris eu turpis. Nulla aliquet. Proin velit. Sed malesuada augue ut lacus. Nulla tincidunt, neque vitae semper egestas,","rhoncus. Proin nisl sem, consequat nec, mollis vitae, posuere at, velit. Cras lorem lorem, luctus ut, pellentesque eget, dictum placerat, augue. Sed molestie. Sed id risus quis diam luctus","Cras eget nisi","","","",""
"54071752780530405327414566119536644870","Row65","AFXM","23958696646161886699092949175770336986","vitae sodales nisi magna sed dui. Fusce aliquam, enim nec tempus scelerisque, lorem ipsum sodales purus, in molestie tortor nibh sit amet orci. Ut sagittis lobortis mauris. Suspendisse aliquet molestie tellus. Aenean egestas hendrerit neque. In ornare sagittis felis. Donec tempor, est ac mattis semper, dui lectus rutrum urna, nec luctus felis purus ac tellus. Suspendisse sed dolor. Fusce mi lorem, vehicula et, rutrum eu, ultrices sit amet, risus. Donec nibh enim, gravida","Sed congue, elit sed consequat auctor, nunc","Lorem ipsum dolor sit amet,","","","",""
"54071752780531614253234180748711351046","Row66","AFXN","23958696646161886699092949175770336986","ligula. Aenean gravida nunc sed pede. Cum sociis natoque penatibus et magnis dis parturient montes, nascetur ridiculus mus. Proin vel arcu eu odio tristique pharetra. Quisque ac libero nec ligula consectetuer rhoncus. Nullam velit dui, semper et, lacinia vitae, sodales at, velit. Pellentesque ultricies dignissim lacus. Aliquam rutrum lorem ac risus. Morbi metus. Vivamus euismod urna. Nullam lobortis quam a felis ullamcorper viverra. Maecenas iaculis aliquet diam. Sed diam lorem, auctor quis, tristique ac, eleifend vitae, erat. Vivamus nisi. Mauris nulla. Integer urna. Vivamus molestie dapibus ligula. Aliquam erat volutpat. Nulla dignissim. Maecenas ornare egestas ligula. Nullam feugiat","nonummy. Fusce fermentum fermentum arcu. Vestibulum ante ipsum primis in faucibus orci luctus et ultrices posuere cubilia Curae; Phasellus ornare. Fusce mollis. Duis sit amet diam eu dolor egestas rhoncus.","dui. Fusce diam","","","",""
"54071752780532823179053795377886057222","Row67","AFXO","23958696646161886699092949175770336986","malesuada malesuada. Integer id magna et ipsum cursus vestibulum. Mauris magna. Duis dignissim tempor arcu. Vestibulum ut eros non enim commodo hendrerit. Donec porttitor tellus non magna. Nam ligula elit, pretium et, rutrum non, hendrerit id, ante. Nunc mauris sapien, cursus in, hendrerit consectetuer, cursus et, magna. Praesent interdum ligula eu enim. Etiam imperdiet dictum magna. Ut tincidunt orci quis","mattis velit justo nec ante. Maecenas mi felis, adipiscing fringilla,","semper tellus id nunc interdum","","","",""
"54071752780453034074959229852355449606","Row1","AFVU","23958696646161886699092949175770336986","nec, malesuada ut, sem. Nulla interdum. Curabitur dictum. Phasellus in felis. Nulla tempor augue ac ipsum. Phasellus vitae mauris sit amet lorem semper auctor. Mauris vel turpis. Aliquam adipiscing lobortis risus. In mi pede, nonummy ut, molestie in, tempus eu, ligula. Aenean euismod mauris eu elit. Nulla facilisi. Sed neque. Sed eget lacus. Mauris non dui nec urna suscipit nonummy. Fusce fermentum fermentum arcu. Vestibulum ante ipsum","eleifend egestas. Sed pharetra, felis eget varius ultrices, mauris ipsum porta elit,","vestibulum, neque sed dictum","","","",""
"54071752780454243000778844481530155782","Row2","AFVV","23958696646161886699092949175770336986","quis urna. Nunc quis arcu vel quam dignissim pharetra. Nam ac nulla. In tincidunt congue turpis. In condimentum. Donec at arcu. Vestibulum ante ipsum primis in faucibus orci luctus et ultrices posuere cubilia Curae; Donec tincidunt. Donec vitae erat vel pede blandit congue. In scelerisque scelerisque dui. Suspendisse ac metus vitae velit egestas lacinia. Sed congue, elit sed consequat auctor, nunc nulla vulputate dui, nec tempus mauris erat eget ipsum. Suspendisse sagittis. Nullam vitae diam. Proin dolor. Nulla semper tellus id nunc interdum","massa. Suspendisse eleifend. Cras sed leo. Cras vehicula aliquet libero.","erat. Vivamus nisi. Mauris nulla.","","","",""
"54071752780455451926598459110704861958","Row3","AFVW","23958696646161886699092949175770336986","ante dictum mi, ac mattis velit justo nec ante. Maecenas mi felis, adipiscing fringilla, porttitor vulputate, posuere vulputate, lacus. Cras interdum. Nunc sollicitudin commodo ipsum. Suspendisse non leo. Vivamus nibh dolor, nonummy ac, feugiat non,","sollicitudin a, malesuada id, erat. Etiam vestibulum massa rutrum magna. Cras convallis convallis dolor. Quisque tincidunt pede ac urna. Ut tincidunt vehicula risus.","lorem vitae odio sagittis semper.","","","",""
"54071752780456660852418073739879568134","Row4","AFVX","23958696646161886699092949175770336986","lobortis quam a felis ullamcorper viverra. Maecenas iaculis aliquet diam. Sed diam lorem, auctor quis, tristique ac, eleifend vitae, erat. Vivamus nisi. Mauris nulla. Integer urna. Vivamus molestie dapibus ligula. Aliquam erat volutpat. Nulla dignissim. Maecenas ornare egestas ligula. Nullam feugiat placerat velit. Quisque varius. Nam porttitor scelerisque neque. Nullam nisl. Maecenas malesuada fringilla est. Mauris eu turpis. Nulla aliquet. Proin velit. Sed malesuada augue ut lacus. Nulla tincidunt, neque vitae semper egestas, urna justo faucibus lectus,","facilisis vitae, orci. Phasellus dapibus quam quis","convallis dolor. Quisque","","","",""
"54071752780457869778237688369054274310","Row5","AFVY","23958696646161886699092949175770336986","at, velit. Cras lorem lorem, luctus ut, pellentesque eget, dictum placerat, augue. Sed molestie. Sed id risus quis diam luctus lobortis. Class aptent taciti sociosqu ad litora torquent per conubia nostra, per inceptos hymenaeos. Mauris ut quam vel sapien imperdiet ornare. In faucibus. Morbi vehicula. Pellentesque tincidunt tempus risus. Donec egestas. Duis ac arcu. Nunc mauris. Morbi non sapien molestie orci tincidunt adipiscing. Mauris molestie pharetra nibh. Aliquam ornare, libero at auctor ullamcorper, nisl arcu iaculis enim, sit amet ornare lectus justo eu arcu. Morbi sit amet massa. Quisque porttitor eros nec tellus.","enim commodo hendrerit. Donec porttitor tellus non magna. Nam ligula elit, pretium et, rutrum non, hendrerit id,","mollis. Duis","","","",""
"54071752780459078704057302998228980486","Row6","AFVZ","23958696646161886699092949175770336986","non sapien molestie orci tincidunt adipiscing. Mauris molestie pharetra nibh. Aliquam ornare, libero at auctor ullamcorper, nisl arcu iaculis enim, sit amet ornare lectus justo eu arcu. Morbi sit amet massa. Quisque porttitor eros nec tellus. Nunc lectus pede, ultrices a, auctor non, feugiat nec, diam. Duis mi enim, condimentum eget, volutpat ornare, facilisis eget, ipsum. Donec sollicitudin adipiscing ligula. Aenean gravida nunc sed pede. Cum sociis natoque penatibus et magnis dis parturient montes, nascetur ridiculus mus. Proin vel arcu","magna nec quam. Curabitur vel lectus. Cum sociis natoque penatibus et","scelerisque neque","","","",""
"54071752780460287629876917627403686662","Row7","AFV0","23958696646161886699092949175770336986","et netus et malesuada fames ac turpis egestas. Aliquam fringilla cursus purus. Nullam scelerisque neque sed sem egestas blandit. Nam nulla magna, malesuada vel, convallis in, cursus et, eros. Proin ultrices. Duis volutpat nunc sit amet metus. Aliquam erat volutpat. Nulla facilisis. Suspendisse commodo tincidunt nibh. Phasellus nulla. Integer vulputate, risus a ultricies adipiscing, enim mi tempor lorem, eget mollis lectus pede et risus. Quisque libero lacus, varius et, euismod et, commodo at, libero. Morbi accumsan laoreet ipsum. Curabitur consequat, lectus sit amet luctus vulputate, nisi sem semper","id risus quis diam luctus lobortis. Class aptent taciti sociosqu ad litora torquent per conubia nostra, per inceptos hymenaeos. Mauris ut quam vel sapien imperdiet ornare. In faucibus. Morbi vehicula.","Sed pharetra,","","","",""
"54071752780461496555696532256578392838","Row8","AFV1","23958696646161886699092949175770336986","Integer mollis. Integer tincidunt aliquam arcu. Aliquam ultrices iaculis odio. Nam interdum enim non nisi. Aenean eget metus. In nec orci. Donec nibh. Quisque nonummy ipsum non arcu. Vivamus sit amet risus. Donec egestas. Aliquam nec enim. Nunc ut erat. Sed nunc est, mollis non, cursus non, egestas a, dui. Cras pellentesque. Sed dictum. Proin eget odio. Aliquam vulputate","non magna. Nam ligula elit, pretium et, rutrum non, hendrerit id, ante. Nunc mauris sapien, cursus in, hendrerit consectetuer, cursus et, magna. Praesent interdum","montes,","","","",""
"54071752780462705481516146885753099014","Row9","AFV2","23958696646161886699092949175770336986","malesuada fringilla est. Mauris eu turpis. Nulla aliquet. Proin velit. Sed malesuada augue ut lacus. Nulla tincidunt, neque vitae semper egestas, urna justo faucibus lectus, a sollicitudin orci sem eget massa. Suspendisse eleifend. Cras sed leo. Cras vehicula aliquet libero.","imperdiet, erat nonummy ultricies ornare, elit elit fermentum risus, at fringilla purus mauris a nunc. In at pede.","Vivamus molestie dapibus ligula.","","","",""
"54071752780463914407335761514927805190","Row10","AFV3","23958696646161886699092949175770336986","mattis. Cras eget nisi dictum augue malesuada malesuada. Integer id magna et ipsum cursus vestibulum. Mauris magna. Duis dignissim tempor arcu. Vestibulum ut eros non enim commodo hendrerit. Donec porttitor tellus non magna.","molestie sodales. Mauris blandit enim consequat purus. Maecenas libero est, congue a,","augue porttitor interdum. Sed auctor","","","",""
"54071752780465123333155376144102511366","Row11","AFV4","23958696646161886699092949175770336986","eu sem. Pellentesque ut ipsum ac mi eleifend egestas. Sed pharetra, felis eget varius ultrices, mauris ipsum porta elit, a feugiat tellus lorem eu metus. In lorem. Donec elementum, lorem ut aliquam iaculis, lacus pede sagittis augue, eu tempor erat neque non quam. Pellentesque habitant morbi tristique senectus et netus et malesuada fames ac turpis egestas. Aliquam fringilla cursus purus. Nullam scelerisque neque sed sem egestas blandit. Nam nulla magna, malesuada vel, convallis in, cursus et, eros. Proin ultrices. Duis volutpat nunc sit amet metus. Aliquam erat volutpat. Nulla facilisis. Suspendisse commodo tincidunt nibh. Phasellus nulla. Integer","ipsum. Suspendisse non leo. Vivamus nibh dolor, nonummy ac, feugiat non, lobortis quis, pede. Suspendisse dui. Fusce diam nunc, ullamcorper eu,","gravida molestie","","","",""
"54071752780466332258974990773277217542","Row12","AFV5","23958696646161886699092949175770336986","pretium aliquet, metus urna convallis erat, eget tincidunt dui augue eu tellus. Phasellus elit pede, malesuada vel, venenatis vel, faucibus id, libero. Donec consectetuer mauris id sapien. Cras dolor dolor, tempus non, lacinia at, iaculis quis, pede. Praesent eu dui. Cum sociis natoque penatibus et magnis dis parturient montes, nascetur ridiculus mus. Aenean eget magna. Suspendisse tristique neque venenatis lacus. Etiam bibendum fermentum metus. Aenean sed pede nec ante blandit viverra. Donec tempus, lorem fringilla ornare","lacinia vitae, sodales at, velit. Pellentesque ultricies dignissim","eu,","","","",""
"54071752780467541184794605402451923718","Row13","AFV6","23958696646161886699092949175770336986","ornare, elit elit fermentum risus, at fringilla purus mauris a nunc. In at pede. Cras vulputate velit eu sem. Pellentesque ut ipsum ac mi eleifend egestas. Sed pharetra, felis eget varius ultrices, mauris ipsum porta elit, a feugiat tellus lorem eu metus. In lorem. Donec elementum, lorem ut aliquam iaculis, lacus pede sagittis augue, eu tempor erat neque non quam. Pellentesque habitant morbi tristique senectus et netus et malesuada fames ac","Donec non justo. Proin non massa non ante bibendum ullamcorper. Duis cursus, diam at pretium aliquet, metus urna convallis erat,","pharetra sed, hendrerit a,","","","",""
"54071752780468750110614220031626629894","Row14","AFV7","23958696646161886699092949175770336986","Donec consectetuer mauris id sapien. Cras dolor dolor, tempus non, lacinia at, iaculis quis, pede. Praesent eu dui. Cum sociis natoque penatibus et magnis dis parturient montes, nascetur ridiculus mus. Aenean eget magna. Suspendisse tristique neque venenatis lacus. Etiam bibendum fermentum metus. Aenean sed pede nec ante","Mauris quis turpis vitae purus gravida sagittis. Duis gravida. Praesent eu nulla at sem molestie sodales. Mauris blandit enim consequat purus.","vel est tempor bibendum. Donec","","","",""
"54071752780469959036433834660801336070","Row15","AFV8","23958696646161886699092949175770336986","mattis. Cras eget nisi dictum augue malesuada malesuada. Integer id magna et ipsum cursus vestibulum. Mauris magna. Duis dignissim tempor arcu. Vestibulum ut eros non enim commodo hendrerit. Donec porttitor tellus non magna. Nam ligula elit, pretium et, rutrum non, hendrerit id, ante. Nunc mauris sapien, cursus in, hendrerit consectetuer, cursus et, magna. Praesent","nulla vulputate dui, nec tempus mauris erat eget ipsum. Suspendisse sagittis. Nullam vitae diam. Proin dolor. Nulla semper tellus","lectus pede et risus.","","","",""
"54071752780471167962253449289976042246","Row16","AFV9","23958696646161886699092949175770336986","Cum sociis natoque penatibus et magnis dis parturient montes, nascetur ridiculus mus. Proin vel nisl. Quisque fringilla euismod enim. Etiam gravida molestie arcu. Sed eu nibh vulputate mauris sagittis placerat. Cras dictum ultricies ligula. Nullam enim. Sed nulla ante, iaculis nec, eleifend non, dapibus rutrum, justo. Praesent luctus. Curabitur egestas nunc sed libero. Proin sed turpis nec mauris blandit mattis. Cras","luctus sit amet, faucibus ut, nulla. Cras eu tellus eu augue porttitor interdum. Sed auctor odio a purus. Duis elementum, dui quis accumsan convallis, ante lectus convallis est, vitae","enim non nisi.","","","",""
"54071752780472376888073063919150748422","Row17","AFWA","23958696646161886699092949175770336986","et netus et malesuada fames ac turpis egestas. Fusce aliquet magna a neque. Nullam ut nisi a odio semper cursus. Integer mollis. Integer tincidunt aliquam arcu. Aliquam ultrices iaculis odio. Nam interdum enim non nisi. Aenean eget metus. In nec orci. Donec nibh. Quisque nonummy ipsum non arcu. Vivamus sit amet risus. Donec egestas. Aliquam nec enim. Nunc ut erat. Sed nunc est, mollis non, cursus non, egestas a, dui. Cras pellentesque. Sed dictum. Proin","interdum. Sed auctor odio a purus. Duis elementum, dui quis accumsan convallis, ante","Cras interdum.","","","",""
"54071752780473585813892678548325454598","Row18","AFWB","23958696646161886699092949175770336986","tellus eu augue porttitor interdum. Sed auctor odio a purus. Duis elementum, dui quis accumsan convallis, ante lectus convallis est, vitae sodales nisi magna sed dui. Fusce aliquam, enim nec tempus scelerisque, lorem ipsum sodales purus, in molestie tortor nibh sit amet orci. Ut sagittis lobortis mauris. Suspendisse aliquet molestie tellus. Aenean egestas hendrerit neque. In ornare sagittis felis. Donec tempor, est ac mattis semper, dui lectus rutrum urna, nec luctus felis purus ac tellus. Suspendisse sed","dolor sit amet, consectetuer adipiscing elit.","gravida.","","","",""
"54071752780498973256104585760994284294","Row39","AFWW","23958696646161886699092949175770336986","elit pede, malesuada vel, venenatis vel, faucibus id, libero. Donec consectetuer mauris id sapien. Cras dolor dolor, tempus non, lacinia at, iaculis quis, pede. Praesent eu dui. Cum sociis natoque penatibus et magnis dis parturient montes, nascetur ridiculus mus. Aenean eget magna. Suspendisse tristique neque venenatis lacus. Etiam bibendum fermentum metus. Aenean sed pede nec ante blandit viverra. Donec tempus, lorem fringilla ornare placerat, orci lacus vestibulum lorem, sit amet ultricies sem magna nec quam. Curabitur vel lectus. Cum sociis natoque penatibus et magnis dis parturient montes, nascetur ridiculus mus. Donec dignissim magna a tortor.","iaculis odio. Nam interdum enim non nisi.","Duis risus odio, auctor vitae,","","","",""
"54071752780500182181924200390168990470","Row40","AFWX","23958696646161886699092949175770336986","vulputate velit eu sem. Pellentesque ut ipsum ac mi eleifend egestas. Sed pharetra, felis eget varius ultrices, mauris ipsum porta elit, a feugiat tellus lorem eu metus. In lorem. Donec elementum, lorem ut aliquam iaculis, lacus pede sagittis augue, eu tempor erat neque non quam. Pellentesque habitant morbi tristique senectus et netus et malesuada fames ac turpis egestas. Aliquam fringilla cursus purus. Nullam scelerisque neque sed sem egestas blandit. Nam nulla magna, malesuada vel, convallis in,","amet massa. Quisque porttitor eros nec tellus. Nunc lectus pede, ultrices a, auctor non, feugiat nec, diam. Duis","Etiam gravida","","","",""
"54071752780501391107743815019343696646","Row41","AFWY","23958696646161886699092949175770336986","mauris ipsum porta elit, a feugiat tellus lorem eu metus. In lorem. Donec elementum, lorem ut aliquam iaculis, lacus pede sagittis augue, eu tempor erat neque non quam. Pellentesque habitant morbi tristique senectus et netus et malesuada fames ac turpis egestas. Aliquam fringilla cursus purus. Nullam scelerisque neque sed sem egestas blandit. Nam nulla magna, malesuada vel, convallis in, cursus et, eros. Proin ultrices. Duis volutpat nunc sit amet metus. Aliquam erat volutpat. Nulla facilisis. Suspendisse commodo tincidunt nibh. Phasellus nulla. Integer vulputate, risus a ultricies","ornare, lectus ante dictum mi, ac mattis velit justo nec ante. Maecenas mi felis, adipiscing fringilla, porttitor vulputate, posuere vulputate, lacus. Cras interdum. Nunc sollicitudin","dolor vitae dolor. Donec","","","",""
"54071752780502600033563429648518402822","Row42","AFWZ","23958696646161886699092949175770336986","enim, sit amet ornare lectus justo eu arcu. Morbi sit amet massa. Quisque porttitor eros nec tellus. Nunc lectus pede, ultrices a, auctor non, feugiat nec, diam. Duis mi enim, condimentum eget, volutpat ornare, facilisis eget, ipsum. Donec sollicitudin adipiscing","cursus. Integer mollis. Integer tincidunt aliquam arcu. Aliquam ultrices iaculis odio. Nam interdum enim non nisi. Aenean eget metus.","neque vitae semper egestas,","","","",""
"54071752780503808959383044277693108998","Row43","AFW0","23958696646161886699092949175770336986","porttitor eros nec tellus. Nunc lectus pede, ultrices a, auctor non, feugiat nec, diam. Duis mi enim, condimentum eget, volutpat ornare, facilisis eget, ipsum. Donec sollicitudin adipiscing ligula. Aenean gravida nunc sed pede. Cum sociis natoque penatibus et magnis dis parturient montes, nascetur ridiculus mus. Proin vel arcu eu odio tristique pharetra. Quisque ac libero nec ligula consectetuer rhoncus. Nullam","egestas lacinia. Sed congue, elit sed consequat auctor, nunc","vel arcu eu odio","","","",""
"54071752780505017885202658906867815174","Row44","AFW1","23958696646161886699092949175770336986","lectus pede et risus. Quisque libero lacus, varius et, euismod et, commodo at, libero. Morbi accumsan laoreet ipsum. Curabitur consequat, lectus sit amet luctus vulputate, nisi sem semper erat, in consectetuer ipsum nunc id enim. Curabitur","magna tellus faucibus leo, in lobortis tellus justo sit amet nulla. Donec non justo. Proin non massa non ante bibendum ullamcorper. Duis cursus, diam at pretium aliquet, metus","non massa","","","",""
"54071752780506226811022273536042521350","Row45","AFW2","23958696646161886699092949175770336986","sagittis. Duis gravida. Praesent eu nulla at sem molestie sodales. Mauris blandit enim consequat purus. Maecenas libero est, congue a, aliquet vel, vulputate eu, odio. Phasellus at augue id ante dictum cursus. Nunc mauris elit, dictum eu, eleifend nec, malesuada ut, sem. Nulla interdum. Curabitur dictum. Phasellus in felis. Nulla tempor augue ac ipsum. Phasellus vitae mauris sit amet lorem semper auctor. Mauris vel turpis. Aliquam adipiscing lobortis risus. In mi pede, nonummy ut, molestie in, tempus eu, ligula. Aenean euismod mauris eu elit. Nulla facilisi. Sed neque. Sed eget lacus. Mauris non dui nec urna suscipit","nibh. Donec est mauris, rhoncus id, mollis nec, cursus a, enim. Suspendisse aliquet, sem ut cursus luctus, ipsum leo elementum sem, vitae aliquam eros turpis non enim.","nec metus facilisis lorem","","","",""
"54071752780507435736841888165217227526","Row46","AFW3","23958696646161886699092949175770336986","accumsan sed, facilisis vitae, orci. Phasellus dapibus quam quis diam. Pellentesque habitant morbi tristique senectus et netus et malesuada fames ac turpis egestas. Fusce aliquet magna a neque. Nullam ut nisi a odio semper cursus. Integer mollis. Integer tincidunt aliquam arcu. Aliquam ultrices iaculis odio. Nam interdum enim non nisi. Aenean eget metus. In nec orci. Donec nibh. Quisque nonummy","magna a neque. Nullam ut nisi a odio semper cursus. Integer mollis. Integer tincidunt aliquam arcu. Aliquam ultrices","Aliquam nisl.","","","",""
"54071752780508644662661502794391933702","Row47","AFW4","23958696646161886699092949175770336986","at lacus. Quisque purus sapien, gravida non, sollicitudin a, malesuada id, erat. Etiam vestibulum massa rutrum magna. Cras convallis convallis dolor. Quisque tincidunt pede ac urna. Ut tincidunt vehicula risus. Nulla eget metus eu erat semper rutrum. Fusce dolor quam, elementum at, egestas a, scelerisque sed, sapien. Nunc pulvinar arcu et pede. Nunc sed orci lobortis augue scelerisque mollis. Phasellus libero mauris, aliquam eu,","nisi. Mauris nulla. Integer urna. Vivamus molestie dapibus ligula. Aliquam erat","sit amet, dapibus","","","",""
"54071752780509853588481117423566639878","Row48","AFW5","23958696646161886699092949175770336986","tristique senectus et netus et malesuada fames ac turpis egestas. Fusce aliquet magna a neque. Nullam ut nisi a odio semper cursus. Integer mollis. Integer tincidunt aliquam arcu. Aliquam ultrices iaculis odio. Nam interdum enim non nisi. Aenean eget metus. In nec orci. Donec nibh. Quisque nonummy ipsum non arcu. Vivamus sit amet risus. Donec egestas. Aliquam nec enim. Nunc ut erat. Sed nunc est, mollis non, cursus non, egestas a, dui. Cras pellentesque. Sed dictum. Proin eget odio. Aliquam vulputate","malesuada vel, venenatis vel, faucibus id, libero. Donec consectetuer mauris id sapien. Cras dolor dolor, tempus non,","Nunc","","","",""
"54071752780511062514300732052741346054","Row49","AFW6","23958696646161886699092949175770336986","velit eu sem. Pellentesque ut ipsum ac mi eleifend egestas. Sed pharetra, felis eget varius ultrices, mauris ipsum porta elit, a feugiat tellus lorem eu metus. In lorem. Donec elementum, lorem ut aliquam iaculis, lacus pede","urna. Nunc quis arcu vel quam dignissim pharetra. Nam ac nulla. In tincidunt congue turpis. In condimentum. Donec at arcu. Vestibulum","justo nec ante. Maecenas","","","",""
"54071752780512271440120346681916052230","Row50","AFW7","23958696646161886699092949175770336986","pretium neque. Morbi quis urna. Nunc quis arcu vel quam dignissim pharetra. Nam ac nulla. In tincidunt congue turpis. In condimentum. Donec at arcu. Vestibulum ante ipsum primis in faucibus orci luctus et ultrices posuere cubilia Curae; Donec tincidunt. Donec vitae erat vel","Nullam ut nisi a odio semper cursus. Integer mollis. Integer tincidunt aliquam arcu. Aliquam ultrices iaculis odio. Nam interdum enim non nisi. Aenean eget","tellus. Aenean","","","",""
"54071752780513480365939961311090758406","Row51","AFW8","23958696646161886699092949175770336986","ultricies adipiscing, enim mi tempor lorem, eget mollis lectus pede et risus. Quisque libero lacus, varius et, euismod et, commodo at, libero. Morbi accumsan laoreet ipsum. Curabitur consequat, lectus sit amet luctus vulputate, nisi sem semper erat, in consectetuer ipsum nunc id enim. Curabitur massa. Vestibulum accumsan neque et nunc. Quisque ornare tortor at risus. Nunc ac sem ut dolor dapibus gravida. Aliquam tincidunt, nunc ac mattis ornare, lectus ante dictum mi, ac mattis velit justo nec ante. Maecenas mi felis, adipiscing fringilla, porttitor vulputate, posuere vulputate, lacus. Cras interdum. Nunc sollicitudin commodo ipsum. Suspendisse non leo. Vivamus","tincidunt orci quis lectus. Nullam suscipit, est ac facilisis facilisis, magna tellus faucibus leo, in lobortis tellus justo sit amet nulla. Donec non justo. Proin non massa non","congue a, aliquet vel, vulputate","","","",""
"54071752780514689291759575940265464582","Row52","AFW9","23958696646161886699092949175770336986","pede, ultrices a, auctor non, feugiat nec, diam. Duis mi enim, condimentum eget, volutpat ornare, facilisis eget, ipsum. Donec sollicitudin adipiscing ligula. Aenean gravida nunc sed pede. Cum sociis natoque penatibus et magnis dis parturient montes, nascetur ridiculus mus. Proin vel arcu eu odio tristique pharetra. Quisque ac libero nec ligula consectetuer rhoncus. Nullam velit dui, semper et, lacinia vitae, sodales at, velit. Pellentesque ultricies dignissim","netus et malesuada fames ac turpis egestas. Fusce aliquet magna a neque. Nullam ut nisi","massa lobortis ultrices. Vivamus","","","",""
"54071752780515898217579190569440170758","Row53","AFXA","23958696646161886699092949175770336986","justo. Praesent luctus. Curabitur egestas nunc sed libero. Proin sed turpis nec mauris blandit mattis. Cras eget nisi dictum augue malesuada malesuada. Integer id magna et ipsum cursus vestibulum. Mauris magna. Duis dignissim tempor arcu. Vestibulum ut eros non enim commodo hendrerit. Donec porttitor tellus non magna. Nam ligula elit, pretium et, rutrum non, hendrerit id, ante. Nunc mauris sapien, cursus in, hendrerit consectetuer, cursus et, magna. Praesent interdum ligula eu","Nulla dignissim. Maecenas ornare egestas ligula. Nullam feugiat placerat velit. Quisque varius. Nam porttitor scelerisque neque. Nullam nisl. Maecenas malesuada fringilla est. Mauris eu turpis.","lorem tristique aliquet. Phasellus","","","",""
"54071752780517107143398805198614876934","Row54","AFXB","23958696646161886699092949175770336986","pede blandit congue. In scelerisque scelerisque dui. Suspendisse ac metus vitae velit egestas lacinia. Sed congue, elit sed consequat auctor, nunc nulla vulputate dui, nec tempus mauris erat eget ipsum. Suspendisse sagittis. Nullam vitae diam. Proin dolor. Nulla semper tellus id nunc interdum feugiat. Sed nec metus facilisis lorem","nisl sem, consequat nec, mollis vitae, posuere at, velit. Cras lorem lorem, luctus ut, pellentesque eget, dictum placerat, augue. Sed molestie. Sed id risus quis diam","elementum purus, accumsan interdum","","","",""
"54071752780518316069218419827789583110","Row55","AFXC","23958696646161886699092949175770336986","ac risus. Morbi metus. Vivamus euismod urna. Nullam lobortis quam a felis ullamcorper viverra. Maecenas iaculis aliquet diam. Sed diam lorem, auctor quis, tristique ac, eleifend vitae, erat. Vivamus nisi. Mauris nulla. Integer urna. Vivamus molestie dapibus ligula. Aliquam erat volutpat. Nulla dignissim. Maecenas ornare egestas ligula.","placerat, augue. Sed molestie. Sed id risus quis diam","non","","","",""
"54071752780519524995038034456964289286","Row56","AFXD","23958696646161886699092949175770336986","velit in aliquet lobortis, nisi nibh lacinia orci, consectetuer euismod est arcu ac orci. Ut semper pretium neque. Morbi quis urna. Nunc quis arcu vel quam dignissim pharetra. Nam ac nulla. In tincidunt congue turpis.","auctor odio a purus. Duis elementum, dui quis accumsan convallis, ante lectus convallis","ullamcorper viverra. Maecenas iaculis","","","",""
"54071752780520733920857649086138995462","Row57","AFXE","23958696646161886699092949175770336986","nec, malesuada ut, sem. Nulla interdum. Curabitur dictum. Phasellus in felis. Nulla tempor augue ac ipsum. Phasellus vitae mauris sit amet lorem semper auctor. Mauris vel turpis. Aliquam adipiscing lobortis risus. In mi pede, nonummy ut, molestie in, tempus eu, ligula. Aenean euismod mauris eu elit. Nulla facilisi. Sed neque. Sed eget lacus. Mauris non dui nec urna suscipit nonummy. Fusce fermentum fermentum arcu. Vestibulum ante ipsum primis in faucibus orci luctus et ultrices posuere cubilia Curae; Phasellus ornare. Fusce mollis.","dui augue eu tellus. Phasellus elit pede, malesuada vel, venenatis vel, faucibus id, libero. Donec consectetuer mauris id sapien. Cras dolor dolor,","eu, ligula.","","","",""
"54071752780521942846677263715313701638","Row58","AFXF","23958696646161886699092949175770336986","eget, ipsum. Donec sollicitudin adipiscing ligula. Aenean gravida nunc sed pede. Cum sociis natoque penatibus et magnis dis parturient montes, nascetur ridiculus mus. Proin vel arcu eu odio tristique pharetra. Quisque ac libero nec ligula consectetuer rhoncus. Nullam velit dui, semper et, lacinia vitae, sodales at, velit. Pellentesque ultricies dignissim lacus. Aliquam rutrum lorem ac risus. Morbi metus. Vivamus euismod urna. Nullam lobortis quam a felis ullamcorper viverra. Maecenas iaculis aliquet diam. Sed diam","ultrices. Duis volutpat nunc sit amet metus. Aliquam erat volutpat. Nulla facilisis. Suspendisse commodo tincidunt nibh. Phasellus nulla. Integer","sit amet nulla. Donec non","","","",""
"54071752780523151772496878344488407814","Row59","AFXG","23958696646161886699092949175770336986","quis, pede. Suspendisse dui. Fusce diam nunc, ullamcorper eu, euismod ac, fermentum vel, mauris. Integer sem elit, pharetra ut, pharetra sed, hendrerit a, arcu. Sed et libero. Proin mi. Aliquam gravida","Proin nisl sem, consequat nec, mollis vitae, posuere at, velit. Cras lorem lorem, luctus ut, pellentesque eget, dictum placerat, augue. Sed molestie. Sed id risus quis","nisi. Aenean eget","","","",""
"54071752780524360698316492973663113990","Row60","AFXH","23958696646161886699092949175770336986","risus a ultricies adipiscing, enim mi tempor lorem, eget mollis lectus pede et risus. Quisque libero lacus, varius et, euismod et, commodo at, libero. Morbi accumsan laoreet ipsum. Curabitur consequat, lectus sit amet luctus vulputate, nisi sem semper erat, in consectetuer ipsum nunc id enim. Curabitur massa. Vestibulum accumsan neque et nunc. Quisque ornare tortor at risus. Nunc ac sem ut dolor dapibus gravida. Aliquam tincidunt, nunc ac mattis ornare, lectus ante dictum mi, ac mattis velit justo nec ante. Maecenas mi felis, adipiscing fringilla, porttitor vulputate, posuere vulputate, lacus. Cras interdum. Nunc sollicitudin commodo ipsum. Suspendisse non leo.","lorem ac risus. Morbi metus. Vivamus euismod urna. Nullam lobortis quam a felis ullamcorper","Mauris non dui nec","","","",""
"54071752780538867808151868523759588102","Row72","AFXT","23958696646161886699092949175770336986","cursus et, eros. Proin ultrices. Duis volutpat nunc sit amet metus. Aliquam erat volutpat. Nulla facilisis. Suspendisse commodo tincidunt nibh. Phasellus nulla. Integer vulputate, risus a ultricies adipiscing, enim mi tempor lorem, eget mollis lectus pede et risus. Quisque libero lacus, varius et, euismod et, commodo","libero est, congue a, aliquet vel, vulputate eu, odio. Phasellus at augue id ante dictum cursus.","blandit","","","",""
"54071752780540076733971483152934294278","Row73","AFXU","23958696646161886699092949175770336986","lorem, sit amet ultricies sem magna nec quam. Curabitur vel lectus. Cum sociis natoque penatibus et magnis dis parturient montes, nascetur ridiculus mus. Donec dignissim magna a tortor. Nunc commodo auctor velit. Aliquam nisl. Nulla eu neque pellentesque massa lobortis ultrices. Vivamus rhoncus. Donec","sollicitudin a, malesuada id, erat. Etiam vestibulum massa rutrum magna. Cras convallis convallis dolor.","elit. Etiam laoreet, libero et","","","",""
"54071752780534032104873410007060763398","Row68","AFXP","23958696646161886699092949175770336986","vulputate eu, odio. Phasellus at augue id ante dictum cursus. Nunc mauris elit, dictum eu, eleifend nec, malesuada ut, sem. Nulla interdum. Curabitur dictum. Phasellus in felis. Nulla tempor augue ac ipsum. Phasellus vitae mauris sit amet lorem semper auctor. Mauris vel turpis. Aliquam adipiscing lobortis risus. In mi pede, nonummy ut, molestie in, tempus eu, ligula. Aenean euismod mauris eu elit. Nulla facilisi. Sed neque. Sed eget lacus. Mauris non","dis parturient montes, nascetur ridiculus mus. Proin vel arcu","elit sed","","","",""
"54071752780535241030693024636235469574","Row69","AFXQ","23958696646161886699092949175770336986","Nulla facilisi. Sed neque. Sed eget lacus. Mauris non dui nec urna suscipit nonummy. Fusce fermentum fermentum arcu. Vestibulum ante ipsum primis in faucibus orci luctus et ultrices posuere cubilia Curae; Phasellus ornare. Fusce mollis. Duis sit amet diam eu dolor egestas rhoncus. Proin nisl sem, consequat nec, mollis vitae, posuere at, velit. Cras lorem lorem, luctus ut, pellentesque eget, dictum placerat, augue. Sed molestie. Sed id risus quis diam luctus lobortis. Class aptent taciti sociosqu ad litora torquent per conubia","pellentesque, tellus sem mollis dui, in sodales elit erat","est mauris,","","","",""
"54071752780536449956512639265410175750","Row70","AFXR","23958696646161886699092949175770336986","tincidunt, nunc ac mattis ornare, lectus ante dictum mi, ac mattis velit justo nec ante. Maecenas mi felis, adipiscing fringilla, porttitor vulputate, posuere vulputate, lacus. Cras interdum. Nunc sollicitudin commodo ipsum. Suspendisse non leo. Vivamus nibh dolor, nonummy ac, feugiat non, lobortis quis, pede. Suspendisse dui. Fusce diam nunc, ullamcorper eu, euismod ac,","vel pede blandit congue. In scelerisque scelerisque dui. Suspendisse ac metus vitae velit egestas lacinia. Sed congue,","quis, pede. Suspendisse dui. Fusce","","","",""
"54071752780537658882332253894584881926","Row71","AFXS","23958696646161886699092949175770336986","tellus. Suspendisse sed dolor. Fusce mi lorem, vehicula et, rutrum eu, ultrices sit amet, risus. Donec nibh enim, gravida sit amet, dapibus id, blandit at, nisi. Cum sociis natoque penatibus et magnis dis parturient montes, nascetur ridiculus mus. Proin vel nisl. Quisque fringilla euismod enim. Etiam gravida molestie arcu. Sed eu nibh vulputate mauris sagittis placerat. Cras dictum ultricies ligula. Nullam enim. Sed nulla ante, iaculis nec, eleifend non, dapibus rutrum, justo. Praesent","Cras interdum. Nunc sollicitudin commodo ipsum. Suspendisse non leo. Vivamus nibh dolor, nonummy ac, feugiat non, lobortis quis, pede. Suspendisse dui.","at","","","",""
"54071752780474794739712293177500160774","Row19","AFWC","23958696646161886699092949175770336986","id magna et ipsum cursus vestibulum. Mauris magna. Duis dignissim tempor arcu. Vestibulum ut eros non enim commodo hendrerit. Donec porttitor tellus non magna. Nam ligula elit, pretium et, rutrum non, hendrerit id, ante. Nunc mauris sapien, cursus in, hendrerit consectetuer, cursus et, magna. Praesent interdum ligula eu enim. Etiam imperdiet dictum magna. Ut tincidunt orci quis lectus. Nullam suscipit, est ac facilisis facilisis, magna tellus faucibus leo, in lobortis tellus justo sit amet nulla. Donec non justo. Proin non massa non ante bibendum ullamcorper. Duis cursus, diam","et, commodo at, libero. Morbi accumsan laoreet","tincidunt, neque vitae","","","",""
"54071752780476003665531907806674866950","Row20","AFWD","23958696646161886699092949175770336986","libero. Donec consectetuer mauris id sapien. Cras dolor dolor, tempus non, lacinia at, iaculis quis, pede. Praesent eu dui. Cum sociis natoque penatibus et magnis dis parturient montes, nascetur ridiculus mus. Aenean eget magna. Suspendisse tristique neque venenatis lacus. Etiam bibendum fermentum metus. Aenean sed pede nec ante blandit viverra.","Phasellus at augue id ante dictum cursus. Nunc mauris elit, dictum eu, eleifend nec, malesuada ut, sem. Nulla interdum. Curabitur dictum. Phasellus in felis. Nulla tempor","aliquet","","","",""
"54071752780477212591351522435849573126","Row21","AFWE","23958696646161886699092949175770336986","lobortis quam a felis ullamcorper viverra. Maecenas iaculis aliquet diam. Sed diam lorem, auctor quis, tristique ac, eleifend vitae, erat. Vivamus nisi. Mauris nulla. Integer urna. Vivamus molestie dapibus ligula. Aliquam erat volutpat. Nulla dignissim. Maecenas ornare egestas ligula. Nullam feugiat placerat velit. Quisque varius. Nam porttitor scelerisque neque. Nullam nisl. Maecenas malesuada fringilla est. Mauris eu turpis. Nulla aliquet. Proin velit. Sed malesuada augue ut lacus. Nulla tincidunt, neque vitae semper egestas, urna justo faucibus lectus, a sollicitudin orci sem eget massa. Suspendisse eleifend. Cras sed leo. Cras vehicula aliquet libero. Integer in magna. Phasellus dolor","risus. Duis a mi fringilla mi lacinia mattis.","Sed eu nibh vulputate mauris","","","",""
"54071752780478421517171137065024279302","Row22","AFWF","23958696646161886699092949175770336986","cursus vestibulum. Mauris magna. Duis dignissim tempor arcu. Vestibulum ut eros non enim commodo hendrerit. Donec porttitor tellus non magna. Nam ligula elit, pretium et, rutrum non, hendrerit id, ante. Nunc mauris sapien, cursus in, hendrerit consectetuer, cursus et, magna. Praesent interdum ligula eu enim. Etiam imperdiet dictum magna. Ut tincidunt orci quis lectus. Nullam suscipit, est ac facilisis facilisis, magna tellus faucibus leo, in lobortis tellus justo sit amet nulla. Donec non","velit. Sed malesuada augue ut lacus. Nulla tincidunt, neque vitae semper egestas, urna justo faucibus lectus, a","id, blandit at,","","","",""
"54071752780479630442990751694198985478","Row23","AFWG","23958696646161886699092949175770336986","eget lacus. Mauris non dui nec urna suscipit nonummy. Fusce fermentum fermentum arcu. Vestibulum ante ipsum primis in faucibus orci luctus et ultrices posuere cubilia Curae; Phasellus ornare. Fusce mollis. Duis sit amet diam eu dolor egestas rhoncus. Proin nisl sem, consequat nec, mollis vitae, posuere at, velit. Cras lorem lorem, luctus ut, pellentesque eget, dictum placerat, augue. Sed molestie. Sed id risus quis diam luctus lobortis. Class aptent taciti sociosqu ad litora torquent per conubia nostra, per inceptos hymenaeos. Mauris ut quam vel sapien imperdiet","mollis vitae, posuere at, velit. Cras lorem lorem, luctus ut, pellentesque eget, dictum placerat, augue. Sed molestie. Sed id risus quis diam luctus lobortis. Class","sapien. Nunc pulvinar","","","",""
"54071752780480839368810366323373691654","Row24","AFWH","23958696646161886699092949175770336986","luctus et ultrices posuere cubilia Curae; Donec tincidunt. Donec vitae erat vel pede blandit congue. In scelerisque scelerisque dui. Suspendisse ac metus vitae velit egestas lacinia. Sed congue, elit sed consequat auctor, nunc nulla vulputate dui, nec tempus mauris erat eget ipsum.","Nunc ac sem ut dolor dapibus gravida. Aliquam tincidunt, nunc ac mattis ornare, lectus ante dictum mi, ac mattis","mauris id sapien. Cras dolor","","","",""
"54071752780482048294629980952548397830","Row25","AFWI","23958696646161886699092949175770336986","ornare lectus justo eu arcu. Morbi sit amet massa. Quisque porttitor eros nec tellus. Nunc lectus pede, ultrices a, auctor non, feugiat nec, diam. Duis mi enim, condimentum eget, volutpat ornare, facilisis eget, ipsum. Donec sollicitudin adipiscing ligula. Aenean gravida nunc sed pede. Cum sociis natoque penatibus et magnis dis parturient","malesuada ut, sem. Nulla interdum. Curabitur dictum. Phasellus in felis. Nulla tempor augue ac ipsum. Phasellus vitae mauris sit amet lorem semper auctor. Mauris vel turpis. Aliquam adipiscing","Duis a mi fringilla mi","","","",""
"54071752780571508805281463511476654854","Row99","AFYK","23958696646161886699092949175770336986","enim. Mauris quis turpis vitae purus gravida sagittis. Duis gravida. Praesent eu nulla at sem molestie sodales. Mauris blandit enim consequat purus. Maecenas libero est, congue a, aliquet vel, vulputate eu, odio. Phasellus at augue id ante dictum cursus. Nunc mauris elit, dictum eu, eleifend nec, malesuada ut, sem. Nulla interdum.","accumsan neque et nunc. Quisque ornare tortor at risus. Nunc ac sem ut dolor dapibus gravida. Aliquam tincidunt, nunc ac mattis ornare, lectus ante dictum mi,","erat volutpat. Nulla","","","",""
"54071752780572717731101078140651361030","Row100","AFYL","23958696646161886699092949175770336986","sit amet nulla. Donec non justo. Proin non massa non ante bibendum ullamcorper. Duis cursus, diam at pretium aliquet, metus urna convallis erat, eget tincidunt dui augue eu tellus. Phasellus elit pede, malesuada vel, venenatis vel, faucibus id, libero. Donec consectetuer mauris id sapien. Cras dolor dolor, tempus non, lacinia at, iaculis quis, pede. Praesent eu dui. Cum sociis natoque penatibus et magnis dis parturient montes, nascetur ridiculus mus. Aenean eget","Proin sed turpis nec mauris blandit mattis. Cras eget nisi dictum augue malesuada malesuada. Integer","Vestibulum ut eros non","","","",""
"39357020084835600713975981644189810098","Address 9","ACGP","23750706356714787941350430989346714596","3 The Lindens","Preesall","Poulton-le-Fylde","Lancashire","FY6 0QY","Cras.vulputate.velit@sapienmolestie.net","Cras.vulputate.velit@sapienmolestie.net"
"39357020084838018565615210902539222450","Address 11","ACGR","23750706356714787941350430989346714596"," Hermitage Road","","Langport","Somerset","TA10 9NP","Cras@dapibus.co.uk","Cras@dapibus.co.uk"
"39357020084839227491434825531713928626","Address 12","ACGS","23750706356714787941350430989346714596","16 Druid Street","Hinckley","Hinckley","Leicestershire","LE10 1QH","Curabitur.egestas@Praesentinterdumligula.ca","Curabitur.egestas@Praesentinterdumligula.ca"
"39357020084840436417254440160888634802","Address 13","ACGT","23750706356714787941350430989346714596","33 Rosemary Close","Bradley Stoke","Bristol","South Gloucestershire","BS32 8EU","Donec@dignissimlacusAliquam.co.uk","Donec@dignissimlacusAliquam.co.uk"
"39357020084841645343074054790063340978","Address 14","ACGU","23750706356714787941350430989346714596","2 Haugh Road","Dalbeattie","Dalbeattie","Dumfries and Galloway","DG5 4AR","Maecenas.iaculis.aliquet@volutpatornarefacilisis.net","Maecenas.iaculis.aliquet@volutpatornarefacilisis.net"
"39357020084844063194713284048412753330","Address 16","ACGW","23750706356714787941350430989346714596","216 Dumbarton Road","Old Kilpatrick","Glasgow","West Dunbartonshire","G60 5DT","Nullam.feugiat@ipsum.co.uk","Nullam.feugiat@ipsum.co.uk"
"39357020084845272120532898677587459506","Address 17","ACGX","23750706356714787941350430989346714596","5 The Meadows","Newick","Kilgetty","Pembrokeshire","SA68 0SB","Nunc.mauris@loremvehiculaet.edu","Nunc.mauris@loremvehiculaet.edu"
"39357020084846481046352513306762165682","Address 18","ACGY","23750706356714787941350430989346714596","14 Bensham Close","Thornton Heath","Thornton Heath","Greater London","PH30 4AA","Proin.non.massa@metus.co.uk","Proin.non.massa@metus.co.uk"
"39357020084847689972172127935936871858","Address 19","ACGZ","23750706356714787941350430989346714596","42279 Windsor Crescent","Clydebank","Clydebank","West Dunbartonshire","G81 3AE","Quisque.varius.Nam@sodalesMauris.ca","Quisque.varius.Nam@sodalesMauris.ca"
"39357020084848898897991742565111578034","Address 20","ACG0","23750706356714787941350430989346714596","1 Chapel Place","Pathhead","Pathhead","Midlothian","EH37 5QF","a.mi.fringilla@orciluctus.org","a.mi.fringilla@orciluctus.org"
"39357020084851316749630971823460990386","Address 22","ACG2","23750706356714787941350430989346714596","7F Queen Street","South Molton","South Molton","Devon","EX36 3BJ","aliquam.eros@sodalesMaurisblandit.edu","aliquam.eros@sodalesMaurisblandit.edu"
"39357020084852525675450586452635696562","Address 23","ACG3","23750706356714787941350430989346714596","88 Abbey Lane","Saffron Walden","Saffron Walden","Essex","CB10 1DG","amet@ullamcorperDuis.edu","amet@ullamcorperDuis.edu"
"39357020084853734601270201081810402738","Address 24","ACG4","23750706356714787941350430989346714596","27 Greenfields Road","Bridgnorth","Bridgnorth","Shropshire","WV16 4JG","at.lacus@Cras.co.uk","at.lacus@Cras.co.uk"
"39357020084854943527089815710985108914","Address 25","ACG5","23750706356714787941350430989346714596","26 Hall Road","Aylesford","Aylesford","Kent","ME20 7QU","at@adipiscingnonluctus.ca","at@adipiscingnonluctus.ca"
"39357020084856152452909430340159815090","Address 26","ACG6","23750706356714787941350430989346714596","7 Whitecroft Close","Haslingden","Rossendale","Lancashire","BB4 4BD","bibendum.sed.est@erosturpisnon.net","bibendum.sed.est@erosturpisnon.net"
"39357020084858570304548659598509227442","Address 28","ACG8","23750706356714787941350430989346714596","66 Dundas Avenue","Queensferry","South Queensferry","Edinburgh","EH30 9QA","consectetuer.rhoncus@nunc.co.uk","consectetuer.rhoncus@nunc.co.uk"
"39357020084859779230368274227683933618","Address 29","ACG9","23750706356714787941350430989346714596","6 Ffrydd Close","Knighton","Knighton","Powys","LD7 1DH","convallis.dolor.Quisque@Ut.edu","convallis.dolor.Quisque@Ut.edu"
"39357020084860988156187888856858639794","Address 30","ACHA","23750706356714787941350430989346714596","4 Jamaica Road","London","London","Greater London","SE1 2BX","cursus.purus.Nullam@lobortisnisinibh.ca","cursus.purus.Nullam@lobortisnisinibh.ca"
"39357020084862197082007503486033345970","Address 31","ACHB","23750706356714787941350430989346714596","62 Morning Field Place","","Inverness","Highland","IV2 6AZ","cursus.vestibulum.Mauris@taciti.com","cursus.vestibulum.Mauris@taciti.com"
"39357020084863406007827118115208052146","Address 32","ACHC","23750706356714787941350430989346714596","42036 Honour Lea Avenue","London","London","Greater London","SA20 0DS","dapibus@antedictummi.org","dapibus@antedictummi.org"
"39357020084865823859466347373557464498","Address 34","ACHE","23750706356714787941350430989346714596","22 Heol Penlan","Cardiff","Cardiff","Cardiff","CF14 2BY","dolor.dolor@vitaediamProin.com","dolor.dolor@vitaediamProin.com"
"39357020084867032785285962002732170674","Address 35","ACHF","23750706356714787941350430989346714596","42053 Willowmount Park","","Omagh","Omagh","BT79 7EJ","dolor.elit.pellentesque@feugiatplaceratvelit.net","dolor.elit.pellentesque@feugiatplaceratvelit.net"
"39357020084869450636925191261081583026","Address 37","ACHH","23750706356714787941350430989346714596","A1077","Barton-upon-Humber","Barton-upon-Humber","North Lincolnshire","DN18 6DD","egestas@tempus.ca","egestas@tempus.ca"
"39357020084870659562744805890256289202","Address 38","ACHI","23750706356714787941350430989346714596","11 Hillside","Fochriw","Bargoed","Caerphilly","CF81 9LQ","enim@accumsanconvallis.com","enim@accumsanconvallis.com"
"39357020084871868488564420519430995378","Address 39","ACHJ","23750706356714787941350430989346714596"," Slade Lane","","Petersfield","West Sussex","L18 5JD","est.Mauris@eumetus.net","est.Mauris@eumetus.net"
"39357020084873077414384035148605701554","Address 40","ACHK","23750706356714787941350430989346714596","21 Lyndon Close","Birmingham","Birmingham","West Midlands","B20 3NL","est@rutrum.com","est@rutrum.com"
"39357020084874286340203649777780407730","Address 41","ACHL","23750706356714787941350430989346714596","42309 Meadowdale","","Enniskillen","Fermanagh","BT74 4QN","et.magnis.dis@volutpat.edu","et.magnis.dis@volutpat.edu"
"39357020084877913117662493665304526258","Address 44","ACHO","23750706356714787941350430989346714596","9 Carlisle Close","","Dunblane","Perth and Kinross","PL28 8BW","facilisis.facilisis.magna@Aliquam.org","facilisis.facilisis.magna@Aliquam.org"
"39357020084879122043482108294479232434","Address 45","ACHP","23750706356714787941350430989346714596","10 Rendlesham Road","London","London","Greater London","E5 8QB","faucibus.lectus@erosnon.ca","faucibus.lectus@erosnon.ca"
"39357020084880330969301722923653938610","Address 46","ACHQ","23750706356714787941350430989346714596","34 Sandpit Lane","","Princes Risborough","Buckinghamshire","KA15 1HB","habitant@pulvinar.edu","habitant@pulvinar.edu"
"39357020084881539895121337552828644786","Address 47","ACHR","23750706356714787941350430989346714596","90 Niddrie Mains Road","Edinburgh","Edinburgh","Edinburgh","EH16 4EA","id@atpedeCras.org","id@atpedeCras.org"
"39357020084882748820940952182003350962","Address 48","ACHS","23750706356714787941350430989346714596","7 Violet Close","Morton","Bourne","Lincolnshire","PE10 0PQ","id@dolorQuisquetincidunt.co.uk","id@dolorQuisquetincidunt.co.uk"
"39357020084886375598399796069527469490","Address 51","ACHV","23750706356714787941350430989346714596","258 Rosendale Road","London","London","Greater London","SE24 9DL","ipsum.ac.mi@vitaealiquet.net","ipsum.ac.mi@vitaealiquet.net"
"39357020084887584524219410698702175666","Address 52","ACHW","23750706356714787941350430989346714596","3 Broome Close","Aston on Clun","Craven Arms","Shropshire","SY7 0NX","ipsum@vitae.net","ipsum@vitae.net"
"39357020084888793450039025327876881842","Address 53","ACHX","23750706356714787941350430989346714596","28 Clifton Road","Cambridge","Cambridge","Cambridgeshire","CB1 7EB","justo@Curabituregestas.net","justo@Curabituregestas.net"
"39357020084890002375858639957051588018","Address 54","ACHY","23750706356714787941350430989346714596","77 Gaston Lane","South Warnborough","Hook","Hampshire","RG29 1RH","lacus@mi.ca","lacus@mi.ca"
"39357020084892420227497869215401000370","Address 56","ACH0","23750706356714787941350430989346714596","5B Victoria Gardens","Neath","Neath","Neath Port Talbot","SA11 3BD","lectus@elitAliquamauctor.net","lectus@elitAliquamauctor.net"
"39357020084893629153317483844575706546","Address 57","ACH1","23750706356714787941350430989346714596","1 Lime Tree Walk","Enfield","Enfield","Greater London","EN2 0TJ","libero.est.congue@feugiattelluslorem.org","libero.est.congue@feugiattelluslorem.org"
"39357020084894838079137098473750412722","Address 58","ACH2","23750706356714787941350430989346714596","12 Isbets Dale","Taverham","Norwich","Norfolk","NR8 6XA","lobortis@feugiatmetussit.org","lobortis@feugiatmetussit.org"
"39357020084896047004956713102925118898","Address 59","ACH3","23750706356714787941350430989346714596","2 Kenley Lane","Kenley","Kenley","Greater London","CR8 5DE","luctus@Nunc.net","luctus@Nunc.net"
"39357020084897255930776327732099825074","Address 60","ACH4","23750706356714787941350430989346714596","3 Hawkhills Drive","Easingwold","York","North Yorkshire","YO61 3EG","magna.a@aliquet.edu","magna.a@aliquet.edu"
"39357020084899673782415556990449237426","Address 62","ACH6","23750706356714787941350430989346714596","6 Grange Close","Stoke Gifford","Bristol","South Gloucestershire","BS34 8RE","malesuada@Nulladignissim.net","malesuada@Nulladignissim.net"
"39357020084900882708235171619623943602","Address 63","ACH7","23750706356714787941350430989346714596","90 Bucklersbury","London","London","Greater London","SO41 8GP","massa.Quisque@nullamagna.com","massa.Quisque@nullamagna.com"
"39357020084902091634054786248798649778","Address 64","ACH8","23750706356714787941350430989346714596","17 Glenville Road","","Newtownabbey","Newtownabbey","BT37 0TA","mattis.Integer@imperdietnec.ca","mattis.Integer@imperdietnec.ca"
"39357020084903300559874400877973355954","Address 65","ACH9","23750706356714787941350430989346714596","6 Wellesley Close","","Westgate-on-Sea","Kent","CT8 8DS","mauris.sagittis@euaugueporttitor.org","mauris.sagittis@euaugueporttitor.org"
"39357020084904509485694015507148062130","Address 66","ACIA","23750706356714787941350430989346714596","372A Walton Road","West Molesey","West Molesey","Surrey","KT8 2JE","mi.Aliquam@miAliquam.edu","mi.Aliquam@miAliquam.edu"
"39357020084906927337333244765497474482","Address 68","ACIC","23750706356714787941350430989346714596","1C Dean Street","Portsmouth","Portsmouth","Portsmouth","PO1 3BH","mi@aliquetProinvelit.edu","mi@aliquetProinvelit.edu"
"39357020084908136263152859394672180658","Address 69","ACID","23750706356714787941350430989346714596","11 Beech Park","Castlereagh","Belfast","Castlereagh","BT6 9PG","mi@fringillaDonecfeugiat.com","mi@fringillaDonecfeugiat.com"
"39357020084909345188972474023846886834","Address 70","ACIE","23750706356714787941350430989346714596","230 Dunvant Road","Dunvant","Swansea","Swansea","SA2 7SR","molestie.tellus@arcuet.co.uk","molestie.tellus@arcuet.co.uk"
"39357020084910554114792088653021593010","Address 71","ACIF","23750706356714787941350430989346714596","74 Woodrush Way","Dagenham","Romford","Greater London","RM6 5BL","nec.ante.blandit@ut.net","nec.ante.blandit@ut.net"
"39357020084911763040611703282196299186","Address 72","ACIG","23750706356714787941350430989346714596","23 Bryanston Square","London","London","Greater London","W1H 2DS","nec@Suspendissesagittis.co.uk","nec@Suspendissesagittis.co.uk"
"39357020084912971966431317911371005362","Address 73","ACIH","23750706356714787941350430989346714596","25 Oak Road","Littlethorpe","Leicester","Leicestershire","LE19 2HP","nec@vitaesodales.co.uk","nec@vitaesodales.co.uk"
"39357020084915389818070547169720417714","Address 75","ACIJ","23750706356714787941350430989346714596","5 Orford Road","","Woodbridge","Suffolk","IP12 2AP","nisl.Quisque@facilisis.org","nisl.Quisque@facilisis.org"
"39357020084916598743890161798895123890","Address 76","ACIK","23750706356714787941350430989346714596","2 Drybrook Close","Manchester","Manchester","Greater Manchester","M13 9AW","nisl.sem@ipsumPhasellus.net","nisl.sem@ipsumPhasellus.net"
"39357020084917807669709776428069830066","Address 77","ACIL","23750706356714787941350430989346714596","57A South Hill","","Dalmally","Argyll and Bute","MK5 8HH","non.dui.nec@conubianostra.ca","non.dui.nec@conubianostra.ca"
"39357020084919016595529391057244536242","Address 78","ACIM","23750706356714787941350430989346714596","101 Mark Road","Hightown","Liverpool","Merseyside","L38 0BQ","nunc.Quisque.ornare@Nulla.net","nunc.Quisque.ornare@Nulla.net"
"39357020084920225521349005686419242418","Address 79","ACIN","23750706356714787941350430989346714596","104 Broadway","London","London","Greater London","W13 0TH","nunc.ullamcorper.eu@arcuvel.org","nunc.ullamcorper.eu@arcuvel.org"
"39357020084921434447168620315593948594","Address 80","ACIO","23750706356714787941350430989346714596","4 Birchfield Way","","Ingatestone","Essex","EH39 4PX","pede@ligulaNullam.edu","pede@ligulaNullam.edu"
"39357020084923852298807849573943360946","Address 82","ACIQ","23750706356714787941350430989346714596","1 Headford Avenue","Bristol","Bristol","City of Bristol","BS5 8PD","pellentesque@temporbibendumDonec.com","pellentesque@temporbibendumDonec.com"
"39357020084925061224627464203118067122","Address 83","ACIR","23750706356714787941350430989346714596","16 Arrow Road","","Telford","Telford and Wrekin","TF5 0LF","posuere.at.velit@magnaDuisdignissim.ca","posuere.at.velit@magnaDuisdignissim.ca"
"39357020084926270150447078832292773298","Address 84","ACIS","23750706356714787941350430989346714596"," Old Military Road","","Inveraray","Argyll and Bute","LL15 1BH","purus.ac.tellus@vitae.org","purus.ac.tellus@vitae.org"
"39357020084927479076266693461467479474","Address 85","ACIT","23750706356714787941350430989346714596","645 New Hey Road","","Huddersfield","West Yorkshire","HD3 3YG","purus.in@Morbinonsapien.com","purus.in@Morbinonsapien.com"
"39357020084928688002086308090642185650","Address 86","ACIU","23750706356714787941350430989346714596","135 Dunmow Road","","Bishop's Stortford","Essex","RG24 7HB","purus@Sedeu.net","purus@Sedeu.net"
"39357020084929896927905922719816891826","Address 87","ACIV","23750706356714787941350430989346714596","3 Sanday","","Isle of Canna","Highland","PH44 4RS","purus@nonummy.co.uk","purus@nonummy.co.uk"
"39357020084932314779545151978166304178","Address 89","ACIX","23750706356714787941350430989346714596","2 Kiln Lane","Monk Sherborne","Tadley","Hampshire","RG26 5HU","ridiculus.mus.Proin@quamCurabitur.com","ridiculus.mus.Proin@quamCurabitur.com"
"39357020084933523705364766607341010354","Address 90","ACIY","23750706356714787941350430989346714596","2A Aragon Close","Jaywick","Clacton-on-Sea","Essex","CO15 2NQ","sagittis.lobortis.mauris@necligula.com","sagittis.lobortis.mauris@necligula.com"
"39357020084934732631184381236515716530","Address 91","ACIZ","23750706356714787941350430989346714596","31 Salisbury Road","Liverpool","Liverpool","Merseyside","L5 6RE","senectus.et@auctorvelitAliquam.net","senectus.et@auctorvelitAliquam.net"
"39357020084935941557003995865690422706","Address 92","ACI0","23750706356714787941350430989346714596","5 Worcester Road","Hartlebury","Kidderminster","Worcestershire","DY11 7RF","tellus.Nunc@felis.co.uk","tellus.Nunc@felis.co.uk"
"39357020084937150482823610494865128882","Address 93","ACI1","23750706356714787941350430989346714596","15 Stone Lane","Waddington","Lincoln","Lincolnshire","LN5 9LR","tempus.eu.ligula@nuncullamcorpereu.org","tempus.eu.ligula@nuncullamcorpereu.org"
"39357020084939568334462839753214541234","Address 95","ACI3","23750706356714787941350430989346714596","7 Queensway","Dunmurry","Belfast","Lisburn","AB45 3PX","tincidunt@sem.net","tincidunt@sem.net"
"39357020084941986186102069011563953586","Address 97","ACI5","23750706356714787941350430989346714596","32 Burnside Gardens","Kilbarchan","Johnstone","Renfrewshire","PA10 2HQ","turpis.vitae.purus@pellentesquetellus.edu","turpis.vitae.purus@pellentesquetellus.edu"
"39357020084943195111921683640738659762","Address 98","ACI6","23750706356714787941350430989346714596","4 Padge Road","Beeston","Nottingham","Nottinghamshire","NG9 2JR","turpis@aptenttaciti.edu","turpis@aptenttaciti.edu"
"39357020084944404037741298269913365938","Address 99","ACI7","23750706356714787941350430989346714596","2 Dolafon Road","Newtown","Newtown","Powys","SY16 2JD","urna.Ut@liberoduinec.com","urna.Ut@liberoduinec.com"
"39357020084945612963560912899088072114","Address 100","ACI8","23750706356714787941350430989346714596","45 Horsham Road","Dorking","Dorking","Surrey","PH38 4NA","urna.convallis@milacinia.ca","urna.convallis@milacinia.ca"
"39357020084868241711105576631906876850","Address 36","ACHG","23750706356714787941350430989346714596","19 The Spinney","Stanmore","Stanmore","Greater London","HA7 4QJ","egestas.Fusce@semconsequat.co.uk","egestas.Fusce@semconsequat.co.uk"
"39357020084876704191842879036129820082","Address 43","ACHN","23750706356714787941350430989346714596","1d Fore Street","Marazion","Marazion","Cornwall","DN16 2NT","euismod@penatibusetmagnis.net","euismod@penatibusetmagnis.net"
"39357020084883957746760566811178057138","Address 49","ACHT","23750706356714787941350430989346714596","2 Olwyn Courtyard","Caol","Fort William","Highland","PH33 7PU","interdum@eratnequenon.ca","interdum@eratnequenon.ca"
"39357020084891211301678254586226294194","Address 55","ACHZ","23750706356714787941350430989346714596","70 Meikleriggs Drive","Paisley","Paisley","Renfrewshire","PA2 9NP","laoreet@montesnascetur.co.uk","laoreet@montesnascetur.co.uk"
"39357020084940777260282454382389247410","Address 96","ACI4","23750706356714787941350430989346714596","20 Aldour Gardens","Pitlochry","Pitlochry","Perth and Kinross","PH16 5BD","tristique.ac@tortorNunccommodo.ca","tristique.ac@tortorNunccommodo.ca"
"39357020084836809639795596273364516274","Address 10","ACGQ","23750706356714787941350430989346714596","68 Kendal Road","Birmingham","Birmingham","West Midlands","B11 1HA","Aenean.massa.Integer@orciadipiscingnon.ca","Aenean.massa.Integer@orciadipiscingnon.ca"
"39357020084842854268893669419238047154","Address 15","ACGV","23750706356714787941350430989346714596","1 Marbles Road","","Arthog","Gwynedd","B16 8EX","Nulla.tincidunt@non.com","Nulla.tincidunt@non.com"
"39357020084850107823811357194286284210","Address 21","ACG1","23750706356714787941350430989346714596","2 Martins Folly Cottages","Thornton-le-Moor","Northallerton","North Yorkshire","DL6 3SD","ac@iderat.ca","ac@iderat.ca"
"39357020084857361378729044969334521266","Address 27","ACG7","23750706356714787941350430989346714596","2 Bankhead","Galston","Galston","East Ayrshire","KA4 8PF","consectetuer.adipiscing.elit@habitant.net","consectetuer.adipiscing.elit@habitant.net"
"39357020084864614933646732744382758322","Address 33","ACHD","23750706356714787941350430989346714596","13-16 Allhallows Lane","London","London","Greater London","EC4R 3UL","dis.parturient.montes@elitfermentum.co.uk","dis.parturient.montes@elitfermentum.co.uk"
"39357020084875495266023264406955113906","Address 42","ACHM","23750706356714787941350430989346714596","3 High Row","","Isle of Gigha","Argyll and Bute","PA41 7AD","eu.lacus@eratVivamusnisi.ca","eu.lacus@eratVivamusnisi.ca"
"39357020084885166672580181440352763314","Address 50","ACHU","23750706356714787941350430989346714596","8 Station Road","Marlow","Marlow","Buckinghamshire","SL7 1ND","ipsum.Curabitur.consequat@vitaeeratvel.org","ipsum.Curabitur.consequat@vitaeeratvel.org"
"39357020084898464856595942361274531250","Address 61","ACH5","23750706356714787941350430989346714596","1A Montague Place","London","London","Greater London","WC1E 7JW","malesuada@Morbimetus.org","malesuada@Morbimetus.org"
"39357020084905718411513630136322768306","Address 67","ACIB","23750706356714787941350430989346714596","6 Covert Road","Reydon","Southwold","Suffolk","CA24 3JW","mi.pede.nonummy@eratneque.org","mi.pede.nonummy@eratneque.org"
"39357020084914180892250932540545711538","Address 74","ACII","23750706356714787941350430989346714596","3 Acorn Industrial Estate","Ilford","Ilford","Greater London","IG6 3TU","nibh@consectetuereuismod.com","nibh@consectetuereuismod.com"
"39357020084922643372988234944768654770","Address 81","ACIP","23750706356714787941350430989346714596","15 Great Ostry","Shepton Mallet","Shepton Mallet","Somerset","BA4 5TT","pede@netusetmalesuada.co.uk","pede@netusetmalesuada.co.uk"
"39357020084931105853725537348991598002","Address 88","ACIW","23750706356714787941350430989346714596","2 Garth Terrace","Bedlinog","Treharris","Merthyr Tydfil","CF46 6TF","quis.pede.Suspendisse@vulputate.net","quis.pede.Suspendisse@vulputate.net"
"39357020084825929307419064610792160690","Address 1","ACGH","23750706356714787941350430989346714596","Cross Green Way","Leeds","Leeds","West Yorkshire","W10 6BZ","ut@lacus.edu","ut@lacus.edu"
"39357020084827138233238679239966866866","Address 2","ACGI","23750706356714787941350430989346714596","11 Earls Park North","Team Valley Trading Estate","Gateshead","Tyne and Wear","NE11 0RQ","vel.arcu.Curabitur@Nuncmauris.net","vel.arcu.Curabitur@Nuncmauris.net"
"39357020084828347159058293869141573042","Address 3","ACGJ","23750706356714787941350430989346714596","1 Giffords Orchard","","Martock","Somerset","TA12 6DB","vel.sapien.imperdiet@per.edu","vel.sapien.imperdiet@per.edu"
"39357020084829556084877908498316279218","Address 4","ACGK","23750706356714787941350430989346714596","B9170","","Inverurie","Aberdeenshire","AB51 0HP","velit@ridiculus.net","velit@ridiculus.net"
"39357020084830765010697523127490985394","Address 5","ACGL","23750706356714787941350430989346714596","261 Percy Road","Birmingham","Birmingham","West Midlands","B11 3LQ","velit@urna.org","velit@urna.org"
"39357020084831973936517137756665691570","Address 6","ACGM","23750706356714787941350430989346714596","13 Colliemore","Sconser","Isle of Skye","Highland","IV48 8TD","vestibulum.massa.rutrum@fringillaest.org","vestibulum.massa.rutrum@fringillaest.org"
"39357020084833182862336752385840397746","Address 7","ACGN","23750706356714787941350430989346714596","Windsor Lane","Kelly Bray","Callington","Cornwall","IP98 6PW","vestibulum.neque@justo.org","vestibulum.neque@justo.org"
"39357020084834391788156367015015103922","Address 8","ACGO","23750706356714787941350430989346714596","23 Dipford Road","Trull","Taunton","Somerset","TA3 7NP","vitae.sodales@metusIn.edu","vitae.sodales@metusIn.edu"
"39357020084938359408643225124039835058","Address 94","ACI2","23750706356714787941350430989346714596","38 Breeze Hill Road","Oldham","Oldham","Greater Manchester","OL4 5JG","tincidunt.congue.turpis@odiosagittissemper.co.uk","tincidunt.congue.turpis@odiosagittissemper.co.uk"
"318098582181519956178545411676758828457","Today","AGMQ","5091148842521110660287129571702222454","0","0","0","","","",""
"263852327947164970177570427344831912239","+1","AGMR","5091148842521110660287129571702222454","1","1","1","","","",""
"114736707996007433748287475267740756762","+2","AGMS","5091148842521110660287129571702222454","2","2","2","","","",""
"196831030556453979900642573991039137456","+3","AGMT","5091148842521110660287129571702222454","3","3","3","","","",""
"185630852798008153826482791200794476265","+4","AGMU","5091148842521110660287129571702222454","4","4","4","","","",""
"334937475303893582403229269759474097803","+5","AGMV","5091148842521110660287129571702222454","5","5","5","","","",""
"6189411881338150739080635085682958774","+10","AGMW","5091148842521110660287129571702222454","10","10","10","","","",""
"258275102248697285028747998129229173928","-1","AGMX","5091148842521110660287129571702222454","-1","-1","-1","","","",""
"244089304146379296791645525533931426166","-2","AGMY","5091148842521110660287129571702222454","-2","-2","-2","","","",""
"120921295780237021370066173398183620913","-3","AGMZ","5091148842521110660287129571702222454","-3","-3","-3","","","",""
"224099038651797231477194206371037182497","-4","AGM0","5091148842521110660287129571702222454","-4","-4","-4","","","",""
"61620456209440836334366635017653125833","-5","AGM1","5091148842521110660287129571702222454","-5","-5","-5","","","",""
"305259924187584946669712149361087812312","-10","AGM2","5091148842521110660287129571702222454","-10","-10","-10","","","",""
"54071752780483257220449595581723104006","Row26","AFWJ","23958696646161886699092949175770336986","augue ut lacus. Nulla tincidunt, neque vitae semper egestas, urna justo faucibus lectus, a sollicitudin orci sem eget massa. Suspendisse eleifend. Cras sed leo. Cras vehicula aliquet libero. Integer in magna. Phasellus dolor elit, pellentesque a, facilisis non, bibendum sed, est. Nunc laoreet lectus quis massa. Mauris vestibulum, neque sed dictum eleifend, nunc risus varius orci, in consequat enim diam vel arcu. Curabitur","dolor. Nulla semper tellus id nunc interdum feugiat. Sed nec metus facilisis lorem","quis turpis vitae","","","",""
"54071752780484466146269210210897810182","Row27","AFWK","23958696646161886699092949175770336986","lacus. Quisque imperdiet, erat nonummy ultricies ornare, elit elit fermentum risus, at fringilla purus mauris a nunc. In at pede. Cras vulputate velit eu sem. Pellentesque ut ipsum ac mi eleifend egestas. Sed pharetra, felis eget varius ultrices, mauris ipsum porta elit, a feugiat tellus lorem","in, dolor. Fusce feugiat. Lorem ipsum dolor sit amet, consectetuer adipiscing elit. Aliquam auctor, velit eget laoreet posuere, enim nisl elementum purus, accumsan interdum","mi pede,","","","",""
"54071752780485675072088824840072516358","Row28","AFWL","23958696646161886699092949175770336986","aliquet. Proin velit. Sed malesuada augue ut lacus. Nulla tincidunt, neque vitae semper egestas, urna justo faucibus lectus, a sollicitudin orci sem eget massa. Suspendisse eleifend. Cras sed leo. Cras vehicula aliquet libero. Integer in magna. Phasellus dolor elit, pellentesque a, facilisis non, bibendum sed, est. Nunc laoreet lectus quis massa. Mauris vestibulum, neque sed dictum eleifend, nunc risus varius orci, in consequat enim diam vel arcu. Curabitur ut odio vel est tempor bibendum. Donec felis orci, adipiscing non, luctus sit amet, faucibus ut,","luctus aliquet odio. Etiam ligula tortor, dictum eu, placerat eget, venenatis a, magna. Lorem ipsum dolor sit amet, consectetuer adipiscing elit. Etiam laoreet, libero et tristique pellentesque, tellus sem","per conubia nostra, per","","","",""
"54071752780486883997908439469247222534","Row29","AFWM","23958696646161886699092949175770336986","dui, in sodales elit erat vitae risus. Duis a mi fringilla mi lacinia mattis. Integer eu lacus. Quisque imperdiet, erat nonummy ultricies ornare, elit elit fermentum risus, at fringilla purus mauris a nunc. In at pede. Cras vulputate velit eu sem. Pellentesque ut ipsum ac mi eleifend egestas. Sed pharetra, felis eget varius ultrices, mauris ipsum porta elit, a feugiat tellus lorem eu metus. In lorem. Donec elementum, lorem ut aliquam iaculis, lacus pede sagittis augue, eu tempor erat neque","tincidunt, neque vitae semper egestas, urna justo faucibus lectus, a sollicitudin orci sem eget massa. Suspendisse eleifend. Cras sed leo. Cras vehicula aliquet libero. Integer in magna. Phasellus","Sed","","","",""
"54071752780488092923728054098421928710","Row30","AFWN","23958696646161886699092949175770336986","fermentum fermentum arcu. Vestibulum ante ipsum primis in faucibus orci luctus et ultrices posuere cubilia Curae; Phasellus ornare. Fusce mollis. Duis sit amet diam eu dolor egestas rhoncus. Proin nisl sem, consequat nec, mollis vitae, posuere at, velit. Cras lorem lorem, luctus ut, pellentesque eget, dictum placerat, augue. Sed molestie. Sed id risus quis diam luctus lobortis. Class aptent taciti sociosqu ad litora","facilisis eget, ipsum. Donec sollicitudin adipiscing ligula. Aenean gravida nunc sed pede. Cum sociis natoque","nunc ac","","","",""
"54071752780489301849547668727596634886","Row31","AFWO","23958696646161886699092949175770336986","convallis ligula. Donec luctus aliquet odio. Etiam ligula tortor, dictum eu, placerat eget, venenatis a, magna. Lorem ipsum dolor sit amet, consectetuer adipiscing elit. Etiam laoreet, libero et tristique pellentesque, tellus sem mollis dui, in sodales elit erat vitae risus. Duis a mi fringilla mi lacinia mattis. Integer eu lacus. Quisque imperdiet, erat nonummy ultricies ornare, elit elit fermentum risus, at fringilla purus mauris a nunc. In at pede. Cras vulputate velit eu sem. Pellentesque ut ipsum ac mi eleifend egestas. Sed pharetra, felis eget varius ultrices, mauris ipsum porta elit, a feugiat tellus lorem","egestas. Fusce aliquet magna a neque. Nullam ut nisi a odio semper cursus. Integer mollis. Integer tincidunt aliquam arcu.","pellentesque,","","","",""
"54071752780490510775367283356771341062","Row32","AFWP","23958696646161886699092949175770336986","nisi. Mauris nulla. Integer urna. Vivamus molestie dapibus ligula. Aliquam erat volutpat. Nulla dignissim. Maecenas ornare egestas ligula. Nullam feugiat placerat velit. Quisque varius. Nam porttitor scelerisque neque. Nullam nisl. Maecenas malesuada fringilla est. Mauris eu turpis. Nulla aliquet. Proin velit. Sed malesuada augue ut lacus. Nulla tincidunt, neque vitae semper egestas, urna justo faucibus lectus, a sollicitudin orci sem eget massa. Suspendisse eleifend. Cras sed leo. Cras vehicula aliquet libero. Integer in magna. Phasellus dolor elit, pellentesque a, facilisis non, bibendum sed, est. Nunc laoreet lectus quis","luctus et ultrices posuere cubilia Curae; Donec tincidunt. Donec vitae erat vel pede blandit congue. In scelerisque scelerisque dui. Suspendisse ac metus vitae velit egestas lacinia. Sed","vitae,","","","",""
"54071752780491719701186897985946047238","Row33","AFWQ","23958696646161886699092949175770336986","Cum sociis natoque penatibus et magnis dis parturient montes, nascetur ridiculus mus. Donec dignissim magna a tortor. Nunc commodo auctor velit. Aliquam nisl. Nulla eu neque pellentesque massa lobortis ultrices. Vivamus rhoncus. Donec est. Nunc ullamcorper, velit in aliquet lobortis, nisi nibh lacinia orci, consectetuer euismod est arcu ac","tempor lorem, eget mollis lectus pede et risus. Quisque libero lacus, varius et, euismod et, commodo","condimentum. Donec at arcu.","","","",""
"54071752780492928627006512615120753414","Row34","AFWR","23958696646161886699092949175770336986","malesuada fames ac turpis egestas. Aliquam fringilla cursus purus. Nullam scelerisque neque sed sem egestas blandit. Nam nulla magna, malesuada vel, convallis in, cursus et, eros. Proin ultrices. Duis volutpat nunc sit amet metus. Aliquam erat volutpat. Nulla facilisis. Suspendisse commodo tincidunt nibh. Phasellus nulla. Integer vulputate, risus a ultricies adipiscing, enim mi tempor lorem, eget mollis lectus pede et risus.","ridiculus mus. Proin vel nisl. Quisque fringilla euismod enim. Etiam gravida molestie arcu. Sed eu nibh vulputate","consectetuer","","","",""
"54071752780494137552826127244295459590","Row35","AFWS","23958696646161886699092949175770336986","accumsan convallis, ante lectus convallis est, vitae sodales nisi magna sed dui. Fusce aliquam, enim nec tempus scelerisque, lorem ipsum sodales purus, in molestie tortor nibh sit amet orci. Ut sagittis lobortis mauris. Suspendisse aliquet molestie tellus. Aenean egestas hendrerit neque. In ornare","cursus vestibulum. Mauris magna. Duis dignissim tempor arcu. Vestibulum ut eros non enim commodo","posuere","","","",""
"54071752780495346478645741873470165766","Row36","AFWT","23958696646161886699092949175770336986","sapien. Cras dolor dolor, tempus non, lacinia at, iaculis quis, pede. Praesent eu dui. Cum sociis natoque penatibus et magnis dis parturient montes, nascetur ridiculus mus. Aenean eget magna. Suspendisse tristique neque venenatis lacus. Etiam bibendum fermentum metus. Aenean sed pede nec ante blandit viverra. Donec tempus, lorem fringilla ornare placerat, orci lacus vestibulum lorem, sit amet ultricies sem magna nec","Phasellus ornare. Fusce mollis. Duis sit amet diam eu dolor egestas rhoncus. Proin nisl sem, consequat nec, mollis vitae, posuere at, velit. Cras lorem lorem, luctus ut, pellentesque eget, dictum","Mauris nulla.","","","",""
"54071752780496555404465356502644871942","Row37","AFWU","23958696646161886699092949175770336986","convallis in, cursus et, eros. Proin ultrices. Duis volutpat nunc sit amet metus. Aliquam erat volutpat. Nulla facilisis. Suspendisse commodo tincidunt nibh. Phasellus nulla. Integer vulputate, risus a ultricies adipiscing, enim mi tempor lorem, eget mollis lectus pede et risus. Quisque libero","libero. Proin sed turpis nec mauris blandit mattis. Cras eget nisi dictum augue malesuada malesuada. Integer id magna et ipsum cursus","eu, eleifend nec, malesuada","","","",""
"54071752780497764330284971131819578118","Row38","AFWV","23958696646161886699092949175770336986","Vivamus nisi. Mauris nulla. Integer urna. Vivamus molestie dapibus ligula. Aliquam erat volutpat. Nulla dignissim. Maecenas ornare egestas ligula. Nullam feugiat placerat velit. Quisque varius. Nam porttitor scelerisque neque. Nullam nisl. Maecenas malesuada fringilla est. Mauris eu turpis. Nulla aliquet. Proin velit. Sed malesuada augue ut lacus. Nulla tincidunt, neque vitae semper egestas, urna justo faucibus lectus, a sollicitudin orci sem eget massa. Suspendisse eleifend. Cras","Ut tincidunt vehicula risus. Nulla eget metus eu erat semper rutrum. Fusce dolor quam, elementum at, egestas a, scelerisque sed,","risus. Nunc","","","",""
"54071752780561837398724546478079005446","Row91","AFYC","23958696646161886699092949175770336986","enim mi tempor lorem, eget mollis lectus pede et risus. Quisque libero lacus, varius et, euismod et, commodo at, libero. Morbi accumsan laoreet ipsum. Curabitur consequat, lectus sit amet luctus vulputate, nisi sem semper erat, in consectetuer ipsum nunc id enim. Curabitur massa. Vestibulum accumsan","arcu ac orci. Ut semper pretium neque. Morbi quis urna. Nunc quis arcu vel quam dignissim pharetra. Nam ac","vel lectus. Cum","","","",""
"54071752780563046324544161107253711622","Row92","AFYD","23958696646161886699092949175770336986","Phasellus ornare. Fusce mollis. Duis sit amet diam eu dolor egestas rhoncus. Proin nisl sem, consequat nec, mollis vitae, posuere at, velit. Cras lorem lorem, luctus ut, pellentesque eget, dictum placerat, augue. Sed molestie. Sed id risus quis diam luctus lobortis. Class aptent taciti sociosqu ad litora torquent per conubia nostra, per inceptos hymenaeos. Mauris ut quam vel sapien imperdiet ornare. In faucibus. Morbi vehicula. Pellentesque tincidunt tempus risus. Donec egestas. Duis ac arcu.","augue porttitor interdum. Sed auctor odio a purus. Duis","imperdiet dictum magna. Ut tincidunt","","","",""
"54071752780564255250363775736428417798","Row93","AFYE","23958696646161886699092949175770336986","scelerisque neque. Nullam nisl. Maecenas malesuada fringilla est. Mauris eu turpis. Nulla aliquet. Proin velit. Sed malesuada augue ut lacus. Nulla tincidunt, neque vitae semper egestas, urna justo faucibus lectus, a sollicitudin orci sem eget massa. Suspendisse eleifend. Cras sed leo. Cras","Cras eget nisi dictum augue malesuada malesuada. Integer id magna et ipsum cursus vestibulum. Mauris magna. Duis dignissim tempor arcu. Vestibulum ut eros","in felis. Nulla tempor","","","",""
"54071752780565464176183390365603123974","Row94","AFYF","23958696646161886699092949175770336986","eget ipsum. Suspendisse sagittis. Nullam vitae diam. Proin dolor. Nulla semper tellus id nunc interdum feugiat. Sed nec metus facilisis lorem tristique aliquet. Phasellus fermentum convallis ligula. Donec luctus aliquet odio. Etiam ligula tortor, dictum eu, placerat eget, venenatis a, magna. Lorem ipsum dolor sit amet, consectetuer adipiscing elit. Etiam laoreet, libero","facilisis facilisis, magna tellus faucibus leo, in lobortis tellus justo","dui. Cras pellentesque. Sed dictum.","","","",""
"54071752780566673102003004994777830150","Row95","AFYG","23958696646161886699092949175770336986","turpis vitae purus gravida sagittis. Duis gravida. Praesent eu nulla at sem molestie sodales. Mauris blandit enim consequat purus. Maecenas libero est, congue a, aliquet vel, vulputate eu, odio. Phasellus at augue id ante dictum cursus. Nunc mauris elit, dictum eu, eleifend nec, malesuada ut, sem. Nulla interdum. Curabitur dictum. Phasellus in felis. Nulla tempor augue ac ipsum. Phasellus vitae mauris sit amet lorem semper auctor. Mauris vel turpis. Aliquam adipiscing lobortis risus. In mi pede, nonummy ut, molestie in, tempus eu, ligula. Aenean euismod","sed dictum eleifend, nunc risus varius orci, in consequat enim diam vel arcu. Curabitur ut odio vel est tempor","urna. Ut tincidunt vehicula","","","",""
"54071752780567882027822619623952536326","Row96","AFYH","23958696646161886699092949175770336986","morbi tristique senectus et netus et malesuada fames ac turpis egestas. Fusce aliquet magna a neque. Nullam ut nisi a odio semper cursus. Integer mollis. Integer tincidunt aliquam arcu. Aliquam ultrices iaculis odio. Nam interdum enim non nisi. Aenean eget metus. In nec orci. Donec nibh.","turpis vitae purus gravida sagittis. Duis gravida. Praesent eu nulla at sem molestie sodales. Mauris blandit enim consequat purus. Maecenas libero","auctor. Mauris vel","","","",""
"54071752780569090953642234253127242502","Row97","AFYI","23958696646161886699092949175770336986","eleifend non, dapibus rutrum, justo. Praesent luctus. Curabitur egestas nunc sed libero. Proin sed turpis nec mauris blandit mattis. Cras eget nisi dictum augue malesuada malesuada. Integer id magna et ipsum cursus vestibulum. Mauris magna. Duis dignissim tempor arcu. Vestibulum ut eros non enim commodo hendrerit. Donec porttitor tellus non magna. Nam ligula elit, pretium et, rutrum non, hendrerit id, ante. Nunc mauris sapien, cursus in, hendrerit consectetuer, cursus et, magna. Praesent interdum ligula eu enim. Etiam imperdiet dictum magna. Ut tincidunt orci quis lectus. Nullam suscipit, est ac facilisis facilisis, magna tellus faucibus leo,","pede, malesuada vel, venenatis vel, faucibus id, libero. Donec consectetuer mauris id sapien. Cras dolor dolor, tempus non, lacinia at, iaculis quis, pede. Praesent eu","lacus. Aliquam rutrum lorem","","","",""
"54071752780570299879461848882301948678","Row98","AFYJ","23958696646161886699092949175770336986","Phasellus ornare. Fusce mollis. Duis sit amet diam eu dolor egestas rhoncus. Proin nisl sem, consequat nec, mollis vitae, posuere at, velit. Cras lorem lorem, luctus ut, pellentesque eget, dictum placerat, augue. Sed molestie. Sed id risus","eget tincidunt dui augue eu tellus. Phasellus elit pede, malesuada vel, venenatis vel, faucibus id, libero. Donec consectetuer mauris id sapien. Cras dolor","ac mi eleifend egestas. Sed","","","",""
